scur	0	0	0	0	0	0	0	0	0	0	0	0	0	0		Wed 26 Sep 2018 12:59:37 AM UTC
scur	9	0	0	2	0	0	0	0	0	0	0	2	0	0		Wed 26 Sep 2018 01:00:07 AM UTC
scur	8	0	0	8	0	0	0	0	0	0	0	8	0	0		Wed 26 Sep 2018 01:00:37 AM UTC
scur	8	0	0	3	0	0	0	0	0	0	0	3	0	0		Wed 26 Sep 2018 01:01:07 AM UTC
scur	8	0	0	8	0	0	0	0	0	0	0	8	0	0		Wed 26 Sep 2018 01:01:38 AM UTC
scur	8	0	0	7	0	0	0	0	0	0	0	7	0	0		Wed 26 Sep 2018 01:02:08 AM UTC
scur	8	0	0	8	0	0	0	0	0	0	0	8	0	0		Wed 26 Sep 2018 01:02:38 AM UTC
scur	9	0	0	7	0	0	0	0	0	0	0	7	0	0		Wed 26 Sep 2018 01:03:08 AM UTC
scur	9	0	0	8	0	0	0	0	0	0	0	8	0	0		Wed 26 Sep 2018 01:03:38 AM UTC
scur	10	0	0	8	0	0	0	0	0	0	0	8	0	0		Wed 26 Sep 2018 01:04:08 AM UTC
scur	8	0	0	6	0	0	0	0	0	0	0	6	0	0		Wed 26 Sep 2018 01:04:39 AM UTC
scur	8	0	0	2	0	0	0	0	0	0	0	2	0	0		Wed 26 Sep 2018 01:05:09 AM UTC
scur	8	0	0	3	0	0	0	0	0	0	0	3	0	0		Wed 26 Sep 2018 01:05:39 AM UTC
scur	7	0	0	7	0	0	0	0	0	0	0	7	0	0		Wed 26 Sep 2018 01:06:09 AM UTC
scur	8	0	0	8	0	0	0	0	0	0	0	8	0	0		Wed 26 Sep 2018 01:06:39 AM UTC
scur	8	0	0	7	0	0	0	0	0	0	0	7	0	0		Wed 26 Sep 2018 01:07:09 AM UTC
scur	8	0	0	3	0	0	0	0	0	0	0	3	0	0		Wed 26 Sep 2018 01:07:40 AM UTC
scur	7	0	0	7	0	0	0	0	0	0	0	7	0	0		Wed 26 Sep 2018 01:08:10 AM UTC
scur	14	0	0	4	0	0	0	0	0	0	0	4	0	0		Wed 26 Sep 2018 01:08:40 AM UTC
scur	9	0	0	2	0	0	0	0	0	0	0	2	0	0		Wed 26 Sep 2018 01:09:10 AM UTC
scur	10	0	0	8	0	0	0	0	0	0	0	8	0	0		Wed 26 Sep 2018 01:09:40 AM UTC
scur	12	0	0	4	0	0	0	0	0	0	0	4	0	0		Wed 26 Sep 2018 01:10:10 AM UTC
scur	9	0	0	1	0	0	0	0	0	0	0	1	0	0		Wed 26 Sep 2018 01:10:40 AM UTC
scur	10	0	0	9	0	0	0	0	0	0	0	9	0	0		Wed 26 Sep 2018 01:11:11 AM UTC
scur	9	0	0	9	0	0	0	0	0	0	0	9	0	0		Wed 26 Sep 2018 01:11:41 AM UTC
scur	10	0	0	3	0	0	0	0	0	0	0	3	0	0		Wed 26 Sep 2018 01:12:11 AM UTC
scur	10	0	0	9	0	0	0	0	0	0	0	9	0	0		Wed 26 Sep 2018 01:12:41 AM UTC
scur	9	0	0	9	0	0	0	0	0	0	0	9	0	0		Wed 26 Sep 2018 01:13:11 AM UTC
scur	10	0	0	8	0	0	0	0	0	0	0	8	0	0		Wed 26 Sep 2018 01:13:41 AM UTC
scur	11	0	0	2	0	0	0	0	0	0	0	2	0	0		Wed 26 Sep 2018 01:14:12 AM UTC
scur	10	0	0	2	0	0	0	0	0	0	0	2	0	0		Wed 26 Sep 2018 01:14:42 AM UTC
scur	9	0	0	2	0	0	0	0	0	0	0	2	0	0		Wed 26 Sep 2018 01:15:12 AM UTC
scur	9	0	0	9	0	0	0	0	0	0	0	9	0	0		Wed 26 Sep 2018 01:15:42 AM UTC
scur	10	0	0	9	0	0	0	0	0	0	0	9	0	0		Wed 26 Sep 2018 01:16:12 AM UTC
scur	10	0	0	8	0	0	0	0	0	0	0	8	0	0		Wed 26 Sep 2018 01:16:42 AM UTC
scur	11	0	0	3	0	0	0	0	0	0	0	3	0	0		Wed 26 Sep 2018 01:17:12 AM UTC
scur	10	0	0	9	0	0	0	0	0	0	0	9	0	0		Wed 26 Sep 2018 01:17:43 AM UTC
scur	8	0	0	8	0	0	0	0	0	0	0	8	0	0		Wed 26 Sep 2018 01:18:13 AM UTC
scur	9	0	0	9	0	0	0	0	0	0	0	9	0	0		Wed 26 Sep 2018 01:18:43 AM UTC
scur	11	0	0	9	0	0	0	0	0	0	0	9	0	0		Wed 26 Sep 2018 01:19:13 AM UTC
scur	11	0	0	9	0	0	0	0	0	0	0	9	0	0		Wed 26 Sep 2018 01:19:43 AM UTC
scur	11	0	0	2	0	0	0	0	0	0	0	2	0	0		Wed 26 Sep 2018 01:20:13 AM UTC
scur	11	0	0	9	0	0	0	0	0	0	0	9	0	0		Wed 26 Sep 2018 01:20:44 AM UTC
scur	10	0	0	9	0	0	0	0	0	0	0	9	0	0		Wed 26 Sep 2018 01:21:14 AM UTC
scur	10	0	0	10	0	0	0	0	0	0	0	10	0	0		Wed 26 Sep 2018 01:21:44 AM UTC
scur	9	0	0	7	0	0	0	0	0	0	0	7	0	0		Wed 26 Sep 2018 01:22:14 AM UTC
scur	12	0	0	9	0	0	0	0	0	0	0	9	0	0		Wed 26 Sep 2018 01:22:44 AM UTC
scur	12	0	0	9	0	0	0	0	0	0	0	9	0	0		Wed 26 Sep 2018 01:23:14 AM UTC
scur	12	0	0	9	0	0	0	0	0	0	0	9	0	0		Wed 26 Sep 2018 01:23:45 AM UTC
scur	10	0	0	9	0	0	0	0	0	0	0	9	0	0		Wed 26 Sep 2018 01:24:15 AM UTC
scur	12	0	0	8	0	0	0	0	0	0	0	8	0	0		Wed 26 Sep 2018 01:24:45 AM UTC
scur	11	0	0	2	0	0	0	0	0	0	0	2	0	0		Wed 26 Sep 2018 01:25:15 AM UTC
scur	10	0	0	9	0	0	0	0	0	0	0	9	0	0		Wed 26 Sep 2018 01:25:45 AM UTC
scur	14	0	0	4	0	0	0	0	0	0	0	4	0	0		Wed 26 Sep 2018 01:26:15 AM UTC
scur	10	0	0	9	0	0	0	0	0	0	0	9	0	0		Wed 26 Sep 2018 01:26:46 AM UTC
scur	10	0	0	9	0	0	0	0	0	0	0	9	0	0		Wed 26 Sep 2018 01:27:16 AM UTC
scur	11	0	0	2	0	0	0	0	0	0	0	2	0	0		Wed 26 Sep 2018 01:27:46 AM UTC
scur	9	0	0	6	0	0	0	0	0	0	0	6	0	0		Wed 26 Sep 2018 01:28:16 AM UTC
scur	11	0	0	10	0	0	0	0	0	0	0	10	0	0		Wed 26 Sep 2018 01:28:46 AM UTC
scur	11	0	0	10	0	0	0	0	0	0	0	10	0	0		Wed 26 Sep 2018 01:29:16 AM UTC
scur	10	0	0	9	0	0	0	0	0	0	0	9	0	0		Wed 26 Sep 2018 01:29:47 AM UTC
scur	12	0	0	11	0	0	0	0	0	0	0	11	0	0		Wed 26 Sep 2018 01:30:17 AM UTC
scur	12	0	0	9	0	0	0	0	0	0	0	9	0	0		Wed 26 Sep 2018 01:30:47 AM UTC
scur	10	0	0	10	0	0	0	0	0	0	0	10	0	0		Wed 26 Sep 2018 01:31:17 AM UTC
scur	11	0	0	11	0	0	0	0	0	0	0	11	0	0		Wed 26 Sep 2018 01:31:47 AM UTC
scur	16	0	0	9	0	0	0	0	0	0	0	9	0	0		Wed 26 Sep 2018 01:32:17 AM UTC
scur	11	0	0	2	0	0	0	0	0	0	0	2	0	0		Wed 26 Sep 2018 01:32:48 AM UTC
scur	12	0	0	9	0	0	0	0	0	0	0	9	0	0		Wed 26 Sep 2018 01:33:18 AM UTC
scur	13	0	0	11	0	0	0	0	0	0	0	11	0	0		Wed 26 Sep 2018 01:33:48 AM UTC
scur	13	0	0	10	0	0	0	0	0	0	0	10	0	0		Wed 26 Sep 2018 01:34:18 AM UTC
scur	11	0	0	10	0	0	0	0	0	0	0	10	0	0		Wed 26 Sep 2018 01:34:48 AM UTC
scur	13	0	0	11	0	0	0	0	0	0	0	11	0	0		Wed 26 Sep 2018 01:35:18 AM UTC
scur	13	0	0	9	0	0	0	0	0	0	0	9	0	0		Wed 26 Sep 2018 01:35:49 AM UTC
scur	12	0	0	11	0	0	0	0	0	0	0	11	0	0		Wed 26 Sep 2018 01:36:19 AM UTC
scur	11	0	0	11	0	0	0	0	0	0	0	11	0	0		Wed 26 Sep 2018 01:36:49 AM UTC
scur	14	0	0	11	0	0	0	0	0	0	0	11	0	0		Wed 26 Sep 2018 01:37:19 AM UTC
scur	26	0	0	18	0	0	0	0	0	0	0	18	0	0		Wed 26 Sep 2018 01:37:49 AM UTC
scur	19	0	0	5	0	0	0	0	0	0	0	5	0	0		Wed 26 Sep 2018 01:38:19 AM UTC
scur	12	0	0	12	0	0	0	0	0	0	0	12	0	0		Wed 26 Sep 2018 01:38:50 AM UTC
scur	14	0	0	11	0	0	0	0	0	0	0	11	0	0		Wed 26 Sep 2018 01:39:20 AM UTC
scur	13	0	0	10	0	0	0	0	0	0	0	10	0	0		Wed 26 Sep 2018 01:39:50 AM UTC
scur	11	0	0	5	5	0	0	0	0	0	0	10	0	0		Wed 26 Sep 2018 01:40:20 AM UTC
scur	11	0	0	5	6	0	0	0	0	0	0	11	0	0		Wed 26 Sep 2018 01:40:50 AM UTC
scur	14	0	0	5	5	0	0	0	0	0	0	10	0	0		Wed 26 Sep 2018 01:41:20 AM UTC
scur	11	0	0	5	6	0	0	0	0	0	0	11	0	0		Wed 26 Sep 2018 01:41:51 AM UTC
scur	11	0	0	6	5	0	0	0	0	0	0	11	0	0		Wed 26 Sep 2018 01:42:21 AM UTC
scur	14	0	0	5	5	0	0	0	0	0	0	10	0	0		Wed 26 Sep 2018 01:42:51 AM UTC
scur	12	0	0	6	5	0	0	0	0	0	0	11	0	0		Wed 26 Sep 2018 01:43:21 AM UTC
scur	12	0	0	4	4	0	0	0	0	0	0	8	0	0		Wed 26 Sep 2018 01:43:51 AM UTC
scur	13	0	0	6	4	0	0	0	0	0	0	10	0	0		Wed 26 Sep 2018 01:44:21 AM UTC
scur	14	0	0	2	1	0	0	0	0	0	0	3	0	0		Wed 26 Sep 2018 01:44:51 AM UTC
scur	13	0	0	6	7	0	0	0	0	0	0	13	0	0		Wed 26 Sep 2018 01:45:22 AM UTC
scur	12	0	0	4	3	0	0	0	0	0	0	7	0	0		Wed 26 Sep 2018 01:45:52 AM UTC
scur	14	0	0	6	5	0	0	0	0	0	0	11	0	0		Wed 26 Sep 2018 01:46:22 AM UTC
scur	13	0	0	5	5	0	0	0	0	0	0	10	0	0		Wed 26 Sep 2018 01:46:52 AM UTC
scur	24	0	0	5	6	0	0	0	0	0	0	11	0	0		Wed 26 Sep 2018 01:47:22 AM UTC
scur	14	0	0	7	5	0	0	0	0	0	0	12	0	0		Wed 26 Sep 2018 01:47:52 AM UTC
scur	14	0	0	6	6	0	0	0	0	0	0	12	0	0		Wed 26 Sep 2018 01:48:23 AM UTC
scur	14	0	0	6	6	0	0	0	0	0	0	12	0	0		Wed 26 Sep 2018 01:48:53 AM UTC
scur	14	0	0	5	6	0	0	0	0	0	0	11	0	0		Wed 26 Sep 2018 01:49:23 AM UTC
scur	17	0	0	7	6	0	0	0	0	0	0	13	0	0		Wed 26 Sep 2018 01:49:53 AM UTC
scur	13	0	0	6	5	0	0	0	0	0	0	11	0	0		Wed 26 Sep 2018 01:50:23 AM UTC
scur	15	0	0	6	5	0	0	0	0	0	0	11	0	0		Wed 26 Sep 2018 01:50:53 AM UTC
scur	12	0	0	6	6	0	0	0	0	0	0	12	0	0		Wed 26 Sep 2018 01:51:24 AM UTC
scur	14	0	0	6	6	0	0	0	0	0	0	12	0	0		Wed 26 Sep 2018 01:51:54 AM UTC
scur	14	0	0	6	6	0	0	0	0	0	0	12	0	0		Wed 26 Sep 2018 01:52:24 AM UTC
scur	15	0	0	6	6	0	0	0	0	0	0	12	0	0		Wed 26 Sep 2018 01:52:54 AM UTC
scur	16	0	0	7	5	0	0	0	0	0	0	12	0	0		Wed 26 Sep 2018 01:53:24 AM UTC
scur	14	0	0	6	6	0	0	0	0	0	0	12	0	0		Wed 26 Sep 2018 01:53:54 AM UTC
scur	15	0	0	7	6	0	0	0	0	0	0	13	0	0		Wed 26 Sep 2018 01:54:25 AM UTC
scur	19	0	0	6	7	0	0	0	0	0	0	13	0	0		Wed 26 Sep 2018 01:54:55 AM UTC
scur	15	0	0	7	7	0	0	0	0	0	0	14	0	0		Wed 26 Sep 2018 01:55:25 AM UTC
scur	15	0	0	6	7	0	0	0	0	0	0	13	0	0		Wed 26 Sep 2018 01:55:55 AM UTC
scur	16	0	0	7	6	0	0	0	0	0	0	13	0	0		Wed 26 Sep 2018 01:56:25 AM UTC
scur	14	0	0	7	6	0	0	0	0	0	0	13	0	0		Wed 26 Sep 2018 01:56:55 AM UTC
scur	16	0	0	7	6	0	0	0	0	0	0	13	0	0		Wed 26 Sep 2018 01:57:26 AM UTC
scur	14	0	0	6	7	0	0	0	0	0	0	13	0	0		Wed 26 Sep 2018 01:57:56 AM UTC
scur	16	0	0	6	6	0	0	0	0	0	0	12	0	0		Wed 26 Sep 2018 01:58:26 AM UTC
scur	13	0	0	6	6	0	0	0	0	0	0	12	0	0		Wed 26 Sep 2018 01:58:56 AM UTC
scur	14	0	0	6	6	0	0	0	0	0	0	12	0	0		Wed 26 Sep 2018 01:59:26 AM UTC
scur	20	0	0	7	8	0	0	0	0	0	0	15	0	0		Wed 26 Sep 2018 01:59:56 AM UTC
scur	17	0	0	6	7	0	0	0	0	0	0	13	0	0		Wed 26 Sep 2018 02:00:27 AM UTC
scur	16	0	0	7	6	0	0	0	0	0	0	13	0	0		Wed 26 Sep 2018 02:00:57 AM UTC
scur	14	0	0	6	7	0	0	0	0	0	0	13	0	0		Wed 26 Sep 2018 02:01:27 AM UTC
scur	15	0	0	2	2	0	0	0	0	0	0	4	0	0		Wed 26 Sep 2018 02:01:57 AM UTC
scur	16	0	0	7	7	0	0	0	0	0	0	14	0	0		Wed 26 Sep 2018 02:02:27 AM UTC
scur	17	0	0	7	6	0	0	0	0	0	0	13	0	0		Wed 26 Sep 2018 02:02:57 AM UTC
scur	17	0	0	7	7	0	0	0	0	0	0	14	0	0		Wed 26 Sep 2018 02:03:28 AM UTC
scur	18	0	0	7	7	0	0	0	0	0	0	14	0	0		Wed 26 Sep 2018 02:03:58 AM UTC
scur	17	0	0	7	7	0	0	0	0	0	0	14	0	0		Wed 26 Sep 2018 02:04:28 AM UTC
scur	17	0	0	7	6	0	0	0	0	0	0	13	0	0		Wed 26 Sep 2018 02:04:58 AM UTC
scur	14	0	0	6	7	0	0	0	0	0	0	13	0	0		Wed 26 Sep 2018 02:05:28 AM UTC
scur	17	0	0	6	7	0	0	0	0	0	0	13	0	0		Wed 26 Sep 2018 02:05:58 AM UTC
scur	20	0	0	8	9	0	0	0	0	0	0	17	0	0		Wed 26 Sep 2018 02:06:29 AM UTC
scur	20	0	0	7	8	0	0	0	0	0	0	15	0	0		Wed 26 Sep 2018 02:06:59 AM UTC
scur	17	0	0	7	7	0	0	0	0	0	0	14	0	0		Wed 26 Sep 2018 02:07:29 AM UTC
scur	18	0	0	7	8	0	0	0	0	0	0	15	0	0		Wed 26 Sep 2018 02:07:59 AM UTC
scur	17	0	0	8	8	0	0	0	0	0	0	16	0	0		Wed 26 Sep 2018 02:08:29 AM UTC
scur	18	0	0	7	6	0	0	0	0	0	0	13	0	0		Wed 26 Sep 2018 02:09:00 AM UTC
scur	18	0	0	6	7	0	0	0	0	0	0	13	0	0		Wed 26 Sep 2018 02:09:30 AM UTC
scur	19	0	0	8	8	0	0	0	0	0	0	16	0	0		Wed 26 Sep 2018 02:10:00 AM UTC
scur	19	0	0	7	7	0	0	0	0	0	0	14	0	0		Wed 26 Sep 2018 02:10:30 AM UTC
scur	19	0	0	7	7	0	0	0	0	0	0	14	0	0		Wed 26 Sep 2018 02:11:00 AM UTC
scur	17	0	0	8	7	0	0	0	0	0	0	15	0	0		Wed 26 Sep 2018 02:11:30 AM UTC
scur	18	0	0	7	7	0	0	0	0	0	0	14	0	0		Wed 26 Sep 2018 02:12:01 AM UTC
scur	18	0	0	9	8	0	0	0	0	0	0	17	0	0		Wed 26 Sep 2018 02:12:31 AM UTC
scur	19	0	0	8	7	0	0	0	0	0	0	15	0	0		Wed 26 Sep 2018 02:13:01 AM UTC
scur	18	0	0	8	7	0	0	0	0	0	0	15	0	0		Wed 26 Sep 2018 02:13:31 AM UTC
scur	18	0	0	8	8	0	0	0	0	0	0	16	0	0		Wed 26 Sep 2018 02:14:01 AM UTC
scur	18	0	0	7	8	0	0	0	0	0	0	15	0	0		Wed 26 Sep 2018 02:14:31 AM UTC
scur	18	0	0	7	8	0	0	0	0	0	0	15	0	0		Wed 26 Sep 2018 02:15:02 AM UTC
scur	20	0	0	7	8	0	0	0	0	0	0	15	0	0		Wed 26 Sep 2018 02:15:32 AM UTC
scur	18	0	0	8	8	0	0	0	0	0	0	16	0	0		Wed 26 Sep 2018 02:16:02 AM UTC
scur	4	0	0	1	1	0	0	0	0	0	0	2	0	0		Wed 26 Sep 2018 02:16:32 AM UTC
scur	17	0	0	7	8	0	0	0	0	0	0	15	0	0		Wed 26 Sep 2018 02:17:02 AM UTC
scur	19	0	0	8	9	0	0	0	0	0	0	17	0	0		Wed 26 Sep 2018 02:17:33 AM UTC
scur	19	0	0	8	8	0	0	0	0	0	0	16	0	0		Wed 26 Sep 2018 02:18:03 AM UTC
scur	20	0	0	8	7	0	0	0	0	0	0	15	0	0		Wed 26 Sep 2018 02:18:33 AM UTC
scur	20	0	0	8	7	0	0	0	0	0	0	15	0	0		Wed 26 Sep 2018 02:19:03 AM UTC
scur	29	0	0	5	4	0	0	0	0	0	0	9	0	0		Wed 26 Sep 2018 02:19:33 AM UTC
scur	18	0	0	9	9	0	0	0	0	0	0	18	0	0		Wed 26 Sep 2018 02:20:03 AM UTC
scur	23	0	0	8	9	0	0	0	0	0	0	17	0	0		Wed 26 Sep 2018 02:20:34 AM UTC
scur	20	0	0	10	9	0	0	0	0	0	0	19	0	0		Wed 26 Sep 2018 02:21:04 AM UTC
scur	24	0	0	9	8	0	0	0	0	0	0	17	0	0		Wed 26 Sep 2018 02:21:34 AM UTC
scur	23	0	0	10	8	0	0	0	0	0	0	18	0	0		Wed 26 Sep 2018 02:22:04 AM UTC
scur	23	0	0	8	8	0	0	0	0	0	0	16	0	0		Wed 26 Sep 2018 02:22:34 AM UTC
scur	22	0	0	8	8	0	0	0	0	0	0	16	0	0		Wed 26 Sep 2018 02:23:05 AM UTC
scur	19	0	0	9	10	0	0	0	0	0	0	19	0	0		Wed 26 Sep 2018 02:23:35 AM UTC
scur	22	0	0	9	9	0	0	0	0	0	0	18	0	0		Wed 26 Sep 2018 02:24:05 AM UTC
scur	22	0	0	9	9	0	0	0	0	0	0	18	0	0		Wed 26 Sep 2018 02:24:35 AM UTC
scur	21	0	0	9	9	0	0	0	0	0	0	18	0	0		Wed 26 Sep 2018 02:25:05 AM UTC
scur	22	0	0	8	7	0	0	0	0	0	0	15	0	0		Wed 26 Sep 2018 02:25:35 AM UTC
scur	20	0	0	8	8	0	0	0	0	0	0	16	0	0		Wed 26 Sep 2018 02:26:06 AM UTC
scur	21	0	0	8	8	0	0	0	0	0	0	16	0	0		Wed 26 Sep 2018 02:26:36 AM UTC
scur	21	0	0	8	8	0	0	0	0	0	0	16	0	0		Wed 26 Sep 2018 02:27:06 AM UTC
scur	23	0	0	9	9	0	0	0	0	0	0	18	0	0		Wed 26 Sep 2018 02:27:36 AM UTC
scur	24	0	0	10	11	0	0	0	0	0	0	21	0	0		Wed 26 Sep 2018 02:28:06 AM UTC
scur	23	0	0	8	8	0	0	0	0	0	0	16	0	0		Wed 26 Sep 2018 02:28:36 AM UTC
scur	23	0	0	8	8	0	0	0	0	0	0	16	0	0		Wed 26 Sep 2018 02:29:07 AM UTC
scur	21	0	0	10	10	0	0	0	0	0	0	20	0	0		Wed 26 Sep 2018 02:29:37 AM UTC
scur	23	0	0	8	9	0	0	0	0	0	0	17	0	0		Wed 26 Sep 2018 02:30:07 AM UTC
scur	16	0	0	1	5	0	0	0	0	0	0	6	0	0		Wed 26 Sep 2018 02:30:37 AM UTC
scur	22	0	0	10	11	0	0	0	0	0	0	21	0	0		Wed 26 Sep 2018 02:31:07 AM UTC
scur	21	0	0	11	10	0	0	0	0	0	0	21	0	0		Wed 26 Sep 2018 02:31:38 AM UTC
scur	26	0	0	3	1	0	0	0	0	0	0	4	0	0		Wed 26 Sep 2018 02:32:08 AM UTC
scur	23	0	0	10	10	0	0	0	0	0	0	20	0	0		Wed 26 Sep 2018 02:32:38 AM UTC
scur	24	0	0	9	9	0	0	0	0	0	0	18	0	0		Wed 26 Sep 2018 02:33:08 AM UTC
scur	25	0	0	10	9	0	0	0	0	0	0	19	0	0		Wed 26 Sep 2018 02:33:38 AM UTC
scur	26	0	0	10	10	0	0	0	0	0	0	20	0	0		Wed 26 Sep 2018 02:34:08 AM UTC
scur	25	0	0	10	10	0	0	0	0	0	0	20	0	0		Wed 26 Sep 2018 02:34:39 AM UTC
scur	25	0	0	11	11	0	0	0	0	0	0	22	0	0		Wed 26 Sep 2018 02:35:09 AM UTC
scur	21	0	0	9	9	0	0	0	0	0	0	18	0	0		Wed 26 Sep 2018 02:35:39 AM UTC
scur	27	0	0	12	12	0	0	0	0	0	0	24	0	0		Wed 26 Sep 2018 02:36:09 AM UTC
scur	23	0	0	10	11	0	0	0	0	0	0	21	0	0		Wed 26 Sep 2018 02:36:39 AM UTC
scur	26	0	0	10	11	0	0	0	0	0	0	21	0	0		Wed 26 Sep 2018 02:37:10 AM UTC
scur	25	0	0	11	11	0	0	0	0	0	0	22	0	0		Wed 26 Sep 2018 02:37:40 AM UTC
scur	24	0	0	11	12	0	0	0	0	0	0	23	0	0		Wed 26 Sep 2018 02:38:10 AM UTC
scur	25	0	0	10	9	0	0	0	0	0	0	19	0	0		Wed 26 Sep 2018 02:38:40 AM UTC
scur	28	0	0	10	10	0	0	0	0	0	0	20	0	0		Wed 26 Sep 2018 02:39:10 AM UTC
scur	28	0	0	10	10	0	0	0	0	0	0	20	0	0		Wed 26 Sep 2018 02:39:40 AM UTC
scur	26	0	0	10	10	0	0	0	0	0	0	20	0	0		Wed 26 Sep 2018 02:40:11 AM UTC
scur	25	8	0	8	9	0	0	0	0	0	0	25	0	0		Wed 26 Sep 2018 02:40:41 AM UTC
scur	26	7	0	7	7	0	0	0	0	0	0	21	0	0		Wed 26 Sep 2018 02:41:11 AM UTC
scur	24	8	0	7	7	0	0	0	0	0	0	22	0	0		Wed 26 Sep 2018 02:41:41 AM UTC
scur	27	8	0	7	8	0	0	0	0	0	0	23	0	0		Wed 26 Sep 2018 02:42:11 AM UTC
scur	23	8	0	7	8	0	0	0	0	0	0	23	0	0		Wed 26 Sep 2018 02:42:42 AM UTC
scur	26	8	0	7	7	0	0	0	0	0	0	22	0	0		Wed 26 Sep 2018 02:43:12 AM UTC
scur	28	7	0	7	6	0	0	0	0	0	0	20	0	0		Wed 26 Sep 2018 02:43:42 AM UTC
scur	26	7	0	7	6	0	0	0	0	0	0	20	0	0		Wed 26 Sep 2018 02:44:12 AM UTC
scur	27	7	0	7	7	0	0	0	0	0	0	21	0	0		Wed 26 Sep 2018 02:44:42 AM UTC
scur	30	8	0	8	7	0	0	0	0	0	0	23	0	0		Wed 26 Sep 2018 02:45:13 AM UTC
scur	27	7	0	5	5	0	0	0	0	0	0	17	0	0		Wed 26 Sep 2018 02:45:43 AM UTC
scur	26	8	0	8	7	0	0	0	0	0	0	23	0	0		Wed 26 Sep 2018 02:46:13 AM UTC
scur	29	8	0	8	7	0	0	0	0	0	0	23	0	0		Wed 26 Sep 2018 02:46:43 AM UTC
scur	26	3	0	3	3	0	0	0	0	0	0	9	0	0		Wed 26 Sep 2018 02:47:13 AM UTC
scur	27	9	0	8	8	0	0	0	0	0	0	25	0	0		Wed 26 Sep 2018 02:47:43 AM UTC
scur	30	9	0	9	8	0	0	0	0	0	0	26	0	0		Wed 26 Sep 2018 02:48:14 AM UTC
scur	22	7	0	7	8	0	0	0	0	0	0	22	0	0		Wed 26 Sep 2018 02:48:44 AM UTC
scur	25	7	0	8	7	0	0	0	0	0	0	22	0	0		Wed 26 Sep 2018 02:49:14 AM UTC
scur	30	8	0	8	8	0	0	0	0	0	0	24	0	0		Wed 26 Sep 2018 02:49:44 AM UTC
scur	32	8	0	8	7	0	0	0	0	0	0	23	0	0		Wed 26 Sep 2018 02:50:14 AM UTC
scur	28	8	0	8	8	0	0	0	0	0	0	24	0	0		Wed 26 Sep 2018 02:50:45 AM UTC
scur	31	7	0	7	7	0	0	0	0	0	0	21	0	0		Wed 26 Sep 2018 02:51:15 AM UTC
scur	29	10	0	10	9	0	0	0	0	0	0	29	0	0		Wed 26 Sep 2018 02:51:45 AM UTC
scur	33	8	0	8	7	0	0	0	0	0	0	23	0	0		Wed 26 Sep 2018 02:52:15 AM UTC
scur	34	8	0	8	8	0	0	0	0	0	0	24	0	0		Wed 26 Sep 2018 02:52:45 AM UTC
scur	30	10	0	9	9	0	0	0	0	0	0	28	0	0		Wed 26 Sep 2018 02:53:16 AM UTC
scur	36	8	0	8	9	0	0	0	0	0	0	25	0	0		Wed 26 Sep 2018 02:53:46 AM UTC
scur	33	10	0	9	8	0	0	0	0	0	0	27	0	0		Wed 26 Sep 2018 02:54:16 AM UTC
scur	32	9	0	8	9	0	0	0	0	0	0	26	0	0		Wed 26 Sep 2018 02:54:46 AM UTC
scur	30	10	0	10	10	0	0	0	0	0	0	30	0	0		Wed 26 Sep 2018 02:55:16 AM UTC
scur	41	10	0	10	10	0	0	0	0	0	0	30	0	0		Wed 26 Sep 2018 02:55:47 AM UTC
scur	33	8	0	8	7	0	0	0	0	0	0	23	0	0		Wed 26 Sep 2018 02:56:17 AM UTC
scur	34	8	0	8	8	0	0	0	0	0	0	24	0	0		Wed 26 Sep 2018 02:56:47 AM UTC
scur	45	5	0	6	5	0	0	0	0	0	0	16	0	0		Wed 26 Sep 2018 02:57:17 AM UTC
scur	35	8	0	9	8	0	0	0	0	0	0	25	0	0		Wed 26 Sep 2018 02:57:47 AM UTC
scur	34	8	0	8	8	0	0	0	0	0	0	24	0	0		Wed 26 Sep 2018 02:58:17 AM UTC
scur	34	8	0	8	8	0	0	0	0	0	0	24	0	0		Wed 26 Sep 2018 02:58:48 AM UTC
scur	32	9	0	10	9	0	0	0	0	0	0	28	0	0		Wed 26 Sep 2018 02:59:18 AM UTC
scur	33	8	0	9	8	0	0	0	0	0	0	25	0	0		Wed 26 Sep 2018 02:59:48 AM UTC
scur	35	10	0	9	8	0	0	0	0	0	0	27	0	0		Wed 26 Sep 2018 03:00:18 AM UTC
scur	30	8	0	8	9	0	0	0	0	0	0	25	0	0		Wed 26 Sep 2018 03:00:48 AM UTC
scur	41	9	0	9	8	0	0	0	0	0	0	26	0	0		Wed 26 Sep 2018 03:01:19 AM UTC
scur	35	11	0	11	11	0	0	0	0	0	0	33	0	0		Wed 26 Sep 2018 03:01:49 AM UTC
scur	36	8	0	9	8	0	0	0	0	0	0	25	0	0		Wed 26 Sep 2018 03:02:19 AM UTC
scur	37	11	0	11	11	0	0	0	0	0	0	33	0	0		Wed 26 Sep 2018 03:02:49 AM UTC
scur	36	9	0	9	8	0	0	0	0	0	0	26	0	0		Wed 26 Sep 2018 03:03:19 AM UTC
scur	35	3	0	3	3	0	0	0	0	0	0	9	0	0		Wed 26 Sep 2018 03:03:50 AM UTC
scur	34	11	0	10	11	0	0	0	0	0	0	32	0	0		Wed 26 Sep 2018 03:04:20 AM UTC
scur	41	8	8	8	8	0	0	0	0	0	0	32	0	0		Wed 26 Sep 2018 03:04:50 AM UTC
scur	33	8	8	8	9	0	0	0	0	0	0	33	0	0		Wed 26 Sep 2018 03:05:20 AM UTC
scur	36	7	7	7	6	0	0	0	0	0	0	27	0	0		Wed 26 Sep 2018 03:05:50 AM UTC
scur	37	6	7	6	6	0	0	0	0	0	0	25	0	0		Wed 26 Sep 2018 03:06:21 AM UTC
scur	38	6	7	7	7	0	0	0	0	0	0	27	0	0		Wed 26 Sep 2018 03:06:51 AM UTC
scur	37	9	9	9	8	0	0	0	0	0	0	35	0	0		Wed 26 Sep 2018 03:07:21 AM UTC
scur	39	7	7	6	7	0	0	0	0	0	0	27	0	0		Wed 26 Sep 2018 03:07:51 AM UTC
scur	34	8	9	8	8	0	0	0	0	0	0	33	0	0		Wed 26 Sep 2018 03:08:21 AM UTC
scur	34	8	9	9	8	0	0	0	0	0	0	34	0	0		Wed 26 Sep 2018 03:08:52 AM UTC
scur	36	7	6	7	6	0	0	0	0	0	0	26	0	0		Wed 26 Sep 2018 03:09:22 AM UTC
scur	40	7	7	7	7	0	0	0	0	0	0	28	0	0		Wed 26 Sep 2018 03:09:52 AM UTC
scur	35	9	8	9	9	0	0	0	0	0	0	35	0	0		Wed 26 Sep 2018 03:10:22 AM UTC
scur	35	9	8	9	9	0	0	0	0	0	0	35	0	0		Wed 26 Sep 2018 03:10:52 AM UTC
scur	37	7	7	7	7	0	0	0	0	0	0	28	0	0		Wed 26 Sep 2018 03:11:23 AM UTC
scur	42	10	10	10	11	0	0	0	0	0	0	41	0	0		Wed 26 Sep 2018 03:11:53 AM UTC
scur	39	7	8	8	7	0	0	0	0	0	0	30	0	0		Wed 26 Sep 2018 03:12:23 AM UTC
scur	38	7	7	7	7	0	0	0	0	0	0	28	0	0		Wed 26 Sep 2018 03:12:53 AM UTC
scur	50	8	8	8	8	0	0	0	0	0	0	32	0	0		Wed 26 Sep 2018 03:13:23 AM UTC
scur	46	8	8	8	8	0	0	0	0	0	0	32	0	0		Wed 26 Sep 2018 03:13:54 AM UTC
scur	49	8	8	8	8	0	0	0	0	0	0	32	0	0		Wed 26 Sep 2018 03:14:24 AM UTC
scur	42	8	7	7	7	0	0	0	0	0	0	29	0	0		Wed 26 Sep 2018 03:14:54 AM UTC
scur	37	9	9	9	8	0	0	0	0	0	0	35	0	0		Wed 26 Sep 2018 03:15:24 AM UTC
scur	36	8	8	8	8	0	0	0	0	0	0	32	0	0		Wed 26 Sep 2018 03:15:55 AM UTC
scur	40	10	9	10	9	0	0	0	0	0	0	38	0	0		Wed 26 Sep 2018 03:16:25 AM UTC
scur	41	9	9	9	9	0	0	0	0	0	0	36	0	0		Wed 26 Sep 2018 03:16:55 AM UTC
scur	46	8	8	8	8	0	0	0	0	0	0	32	0	0		Wed 26 Sep 2018 03:17:25 AM UTC
scur	43	10	9	10	9	0	0	0	0	0	0	38	0	0		Wed 26 Sep 2018 03:17:55 AM UTC
scur	44	8	8	8	9	0	0	0	0	0	0	33	0	0		Wed 26 Sep 2018 03:18:26 AM UTC
scur	45	7	8	8	7	0	0	0	0	0	0	30	0	0		Wed 26 Sep 2018 03:18:56 AM UTC
scur	42	9	8	8	8	0	0	0	0	0	0	33	0	0		Wed 26 Sep 2018 03:19:26 AM UTC
scur	53	11	11	11	11	0	0	0	0	0	0	44	0	0		Wed 26 Sep 2018 03:19:56 AM UTC
scur	44	10	10	10	10	0	0	0	0	0	0	40	0	0		Wed 26 Sep 2018 03:20:27 AM UTC
scur	47	8	8	8	8	0	0	0	0	0	0	32	0	0		Wed 26 Sep 2018 03:20:57 AM UTC
scur	47	8	7	8	8	0	0	0	0	0	0	31	0	0		Wed 26 Sep 2018 03:21:27 AM UTC
scur	49	7	8	8	8	0	0	0	0	0	0	31	0	0		Wed 26 Sep 2018 03:21:57 AM UTC
scur	41	9	8	8	8	0	0	0	0	0	0	33	0	0		Wed 26 Sep 2018 03:22:27 AM UTC
scur	42	8	9	9	8	0	0	0	0	0	0	34	0	0		Wed 26 Sep 2018 03:22:58 AM UTC
scur	42	9	9	8	9	0	0	0	0	0	0	35	0	0		Wed 26 Sep 2018 03:23:28 AM UTC
scur	48	10	11	11	10	0	0	0	0	0	0	42	0	0		Wed 26 Sep 2018 03:23:58 AM UTC
scur	48	12	12	12	12	0	0	0	0	0	0	48	0	0		Wed 26 Sep 2018 03:24:28 AM UTC
scur	46	11	11	11	12	0	0	0	0	0	0	45	0	0		Wed 26 Sep 2018 03:24:58 AM UTC
scur	48	8	9	8	8	0	0	0	0	0	0	33	0	0		Wed 26 Sep 2018 03:25:29 AM UTC
scur	51	12	11	11	12	0	0	0	0	0	0	46	0	0		Wed 26 Sep 2018 03:25:59 AM UTC
scur	46	9	10	10	9	0	0	0	0	0	0	38	0	0		Wed 26 Sep 2018 03:26:29 AM UTC
scur	47	11	11	10	10	0	0	0	0	0	0	42	0	0		Wed 26 Sep 2018 03:26:59 AM UTC
scur	76	12	11	12	11	0	0	0	0	0	0	46	0	0		Wed 26 Sep 2018 03:27:29 AM UTC
scur	48	12	10	12	11	0	0	0	0	0	0	45	0	0		Wed 26 Sep 2018 03:28:00 AM UTC
scur	52	8	9	9	8	0	0	0	0	0	0	34	0	0		Wed 26 Sep 2018 03:28:30 AM UTC
scur	58	9	10	10	9	0	0	0	0	0	0	38	0	0		Wed 26 Sep 2018 03:29:00 AM UTC
scur	50	12	11	12	12	0	0	0	0	0	0	47	0	0		Wed 26 Sep 2018 03:29:30 AM UTC
scur	48	11	11	11	12	0	0	0	0	0	0	45	0	0		Wed 26 Sep 2018 03:30:01 AM UTC
scur	49	11	12	12	12	0	0	0	0	0	0	47	0	0		Wed 26 Sep 2018 03:30:31 AM UTC
scur	70	10	10	10	10	0	0	0	0	0	0	40	0	0		Wed 26 Sep 2018 03:31:01 AM UTC
scur	56	10	11	11	10	0	0	0	0	0	0	42	0	0		Wed 26 Sep 2018 03:31:31 AM UTC
scur	48	11	12	12	11	0	0	0	0	0	0	46	0	0		Wed 26 Sep 2018 03:32:02 AM UTC
scur	52	13	12	12	12	0	0	0	0	0	0	49	0	0		Wed 26 Sep 2018 03:32:32 AM UTC
scur	59	9	8	9	9	0	0	0	0	0	0	35	0	0		Wed 26 Sep 2018 03:33:02 AM UTC
scur	55	9	9	10	9	0	0	0	0	0	0	37	0	0		Wed 26 Sep 2018 03:33:32 AM UTC
scur	85	11	11	10	11	0	0	0	0	0	0	43	0	0		Wed 26 Sep 2018 03:34:02 AM UTC
scur	58	11	12	11	12	12	0	0	0	0	0	58	0	0		Wed 26 Sep 2018 03:34:33 AM UTC
scur	62	7	8	7	7	7	0	0	0	0	0	36	0	0		Wed 26 Sep 2018 03:35:03 AM UTC
scur	67	10	10	11	10	10	0	0	0	0	0	51	0	0		Wed 26 Sep 2018 03:35:33 AM UTC
scur	57	8	8	8	9	8	0	0	0	0	0	41	0	0		Wed 26 Sep 2018 03:36:03 AM UTC
scur	54	10	9	9	10	10	0	0	0	0	0	48	0	0		Wed 26 Sep 2018 03:36:34 AM UTC
scur	81	10	11	10	10	10	0	0	0	0	0	51	0	0		Wed 26 Sep 2018 03:37:04 AM UTC
scur	52	8	9	9	8	8	0	0	0	0	0	42	0	0		Wed 26 Sep 2018 03:37:34 AM UTC
scur	58	9	8	8	8	8	0	0	0	0	0	41	0	0		Wed 26 Sep 2018 03:38:04 AM UTC
scur	59	8	9	8	8	8	0	0	0	0	0	41	0	0		Wed 26 Sep 2018 03:38:35 AM UTC
scur	73	12	12	12	12	12	0	0	0	0	0	60	0	0		Wed 26 Sep 2018 03:39:05 AM UTC
scur	71	8	8	8	9	8	0	0	0	0	0	41	0	0		Wed 26 Sep 2018 03:39:35 AM UTC
scur	53	9	9	9	8	9	0	0	0	0	0	44	0	0		Wed 26 Sep 2018 03:40:05 AM UTC
scur	82	13	12	13	13	12	0	0	0	0	0	63	0	0		Wed 26 Sep 2018 03:40:35 AM UTC
scur	64	11	10	12	11	10	0	0	0	0	0	54	0	0		Wed 26 Sep 2018 03:41:06 AM UTC
scur	54	8	9	8	8	9	0	0	0	0	0	42	0	0		Wed 26 Sep 2018 03:41:36 AM UTC
scur	70	8	9	9	8	9	0	0	0	0	0	43	0	0		Wed 26 Sep 2018 03:42:06 AM UTC
scur	80	9	9	9	9	9	0	0	0	0	0	45	0	0		Wed 26 Sep 2018 03:42:36 AM UTC
scur	82	14	14	14	13	14	0	0	0	0	0	69	0	0		Wed 26 Sep 2018 03:43:07 AM UTC
scur	111	16	12	11	11	11	0	0	0	0	0	61	0	0		Wed 26 Sep 2018 03:43:37 AM UTC
scur	80	10	9	9	10	9	0	0	0	0	0	47	0	0		Wed 26 Sep 2018 03:44:07 AM UTC
scur	90	17	9	10	12	9	0	0	0	0	0	57	0	0		Wed 26 Sep 2018 03:44:38 AM UTC
scur	69	9	10	9	9	9	0	0	0	0	0	46	0	0		Wed 26 Sep 2018 03:45:08 AM UTC
scur	62	9	9	9	8	9	0	0	0	0	0	44	0	0		Wed 26 Sep 2018 03:45:38 AM UTC
scur	73	13	14	14	13	12	0	0	0	0	0	66	0	0		Wed 26 Sep 2018 03:46:08 AM UTC
scur	61	13	11	13	12	12	0	0	0	0	0	61	0	0		Wed 26 Sep 2018 03:46:39 AM UTC
scur	72	13	11	13	12	12	0	0	0	0	0	61	0	0		Wed 26 Sep 2018 03:47:09 AM UTC
scur	94	13	13	13	13	14	0	0	0	0	0	66	0	0		Wed 26 Sep 2018 03:47:39 AM UTC
scur	65	11	9	10	10	10	0	0	0	0	0	50	0	0		Wed 26 Sep 2018 03:48:09 AM UTC
scur	83	17	16	16	16	16	0	0	0	0	0	81	0	0		Wed 26 Sep 2018 03:48:40 AM UTC
scur	83	10	10	9	9	10	0	0	0	0	0	48	0	0		Wed 26 Sep 2018 03:49:10 AM UTC
scur	100	19	17	17	17	17	0	0	0	0	0	87	0	0		Wed 26 Sep 2018 03:49:40 AM UTC
scur	88	14	13	13	13	13	0	0	0	0	0	66	0	0		Wed 26 Sep 2018 03:50:10 AM UTC
scur	143	18	18	16	17	18	0	0	0	0	0	87	0	0		Wed 26 Sep 2018 03:50:41 AM UTC
scur	78	13	14	12	13	13	0	0	0	0	0	65	0	0		Wed 26 Sep 2018 03:51:11 AM UTC
scur	99	15	9	9	10	9	0	0	0	0	0	52	0	0		Wed 26 Sep 2018 03:51:41 AM UTC
scur	120	14	11	12	12	11	0	0	0	0	0	60	0	0		Wed 26 Sep 2018 03:52:11 AM UTC
scur	142	26	25	25	24	25	0	0	0	0	0	125	0	0		Wed 26 Sep 2018 03:52:42 AM UTC
scur	196	28	27	27	25	26	0	0	0	0	0	133	0	0		Wed 26 Sep 2018 03:53:12 AM UTC
scur	90	16	15	16	16	15	0	0	0	0	0	78	0	0		Wed 26 Sep 2018 03:53:42 AM UTC
scur	71	11	10	11	10	12	0	0	0	0	0	54	0	0		Wed 26 Sep 2018 03:54:13 AM UTC
scur	235	33	36	33	35	33	0	0	0	0	0	170	0	0		Wed 26 Sep 2018 03:54:43 AM UTC
scur	88	15	15	16	15	15	0	0	0	0	0	76	0	0		Wed 26 Sep 2018 03:55:13 AM UTC
scur	94	15	15	19	16	14	0	0	0	0	0	79	0	0		Wed 26 Sep 2018 03:55:43 AM UTC
scur	92	10	10	10	10	10	0	0	0	0	0	50	0	0		Wed 26 Sep 2018 03:56:14 AM UTC
scur	101	5	5	4	4	5	0	0	0	0	0	23	0	0		Wed 26 Sep 2018 03:56:44 AM UTC
scur	95	17	16	16	17	16	0	0	0	0	0	82	0	0		Wed 26 Sep 2018 03:57:14 AM UTC
scur	130	21	21	21	18	19	0	0	0	0	0	100	0	0		Wed 26 Sep 2018 03:57:44 AM UTC
scur	122	20	20	20	20	20	0	0	0	0	0	100	0	0		Wed 26 Sep 2018 03:58:15 AM UTC
scur	106	19	14	18	19	16	0	0	0	0	0	86	0	0		Wed 26 Sep 2018 03:58:45 AM UTC
scur	97	5	4	4	5	2	0	0	0	0	0	20	0	0		Wed 26 Sep 2018 03:59:15 AM UTC
scur	107	18	17	18	17	17	0	0	0	0	0	87	0	0		Wed 26 Sep 2018 03:59:45 AM UTC
scur	113	21	21	20	20	20	0	0	0	0	0	102	0	0		Wed 26 Sep 2018 04:00:16 AM UTC
scur	267	49	48	38	52	45	0	0	0	0	0	232	0	0		Wed 26 Sep 2018 04:00:46 AM UTC
scur	144	25	22	21	24	21	0	0	0	0	0	113	0	0		Wed 26 Sep 2018 04:01:16 AM UTC
scur	116	21	19	22	21	19	0	0	0	0	0	102	0	0		Wed 26 Sep 2018 04:01:46 AM UTC
scur	211	39	35	32	35	31	0	0	0	0	0	172	0	0		Wed 26 Sep 2018 04:02:17 AM UTC
scur	126	22	18	23	21	22	0	0	0	0	0	106	0	0		Wed 26 Sep 2018 04:02:47 AM UTC
scur	133	22	23	20	23	23	0	0	0	0	0	111	0	0		Wed 26 Sep 2018 04:03:17 AM UTC
scur	102	18	19	18	19	20	0	0	0	0	0	94	0	0		Wed 26 Sep 2018 04:03:48 AM UTC
scur	188	41	36	36	36	34	0	0	0	0	0	183	0	0		Wed 26 Sep 2018 04:04:18 AM UTC
scur	149	27	25	25	25	21	0	0	0	0	0	123	0	0		Wed 26 Sep 2018 04:04:48 AM UTC
scur	169	30	30	30	23	30	0	0	0	0	0	143	0	0		Wed 26 Sep 2018 04:05:18 AM UTC
scur	136	25	25	25	24	24	0	0	0	0	0	123	0	0		Wed 26 Sep 2018 04:05:49 AM UTC
scur	331	59	58	53	54	52	0	0	0	0	0	276	0	0		Wed 26 Sep 2018 04:06:19 AM UTC
scur	193	33	35	36	36	32	0	0	0	0	0	172	0	0		Wed 26 Sep 2018 04:06:49 AM UTC
scur	191	35	34	35	35	35	0	0	0	0	0	174	0	0		Wed 26 Sep 2018 04:07:19 AM UTC
scur	223	40	38	39	38	38	0	0	0	0	0	193	0	0		Wed 26 Sep 2018 04:07:50 AM UTC
scur	174	32	29	30	30	29	0	0	0	0	0	150	0	0		Wed 26 Sep 2018 04:08:20 AM UTC
scur	217	43	42	40	43	40	0	0	0	0	0	208	0	0		Wed 26 Sep 2018 04:08:50 AM UTC
scur	231	47	35	43	45	43	0	0	0	0	0	213	0	0		Wed 26 Sep 2018 04:09:21 AM UTC
scur	506	92	88	84	86	83	0	0	0	0	0	433	0	0		Wed 26 Sep 2018 04:09:51 AM UTC
scur	219	44	42	41	42	41	0	0	0	0	0	210	0	0		Wed 26 Sep 2018 04:10:21 AM UTC
scur	191	34	35	35	35	32	0	0	0	0	0	171	0	0		Wed 26 Sep 2018 04:10:51 AM UTC
scur	227	46	36	46	37	46	0	0	0	0	0	211	0	0		Wed 26 Sep 2018 04:11:22 AM UTC
scur	229	48	46	46	45	44	0	0	0	0	0	229	0	0		Wed 26 Sep 2018 04:11:52 AM UTC
scur	211	39	38	39	38	38	0	0	0	0	0	192	0	0		Wed 26 Sep 2018 04:12:22 AM UTC
scur	286	52	48	50	49	49	0	0	0	0	0	248	0	0		Wed 26 Sep 2018 04:12:52 AM UTC
scur	219	40	31	40	37	40	0	0	0	0	0	188	0	0		Wed 26 Sep 2018 04:13:23 AM UTC
scur	287	59	48	49	52	41	0	0	0	0	0	249	0	0		Wed 26 Sep 2018 04:13:53 AM UTC
scur	427	82	82	83	81	84	0	0	0	0	0	412	0	0		Wed 26 Sep 2018 04:14:23 AM UTC
scur	241	43	44	44	44	42	0	0	0	0	0	217	0	0		Wed 26 Sep 2018 04:14:54 AM UTC
scur	220	45	34	44	38	44	0	0	0	0	0	205	0	0		Wed 26 Sep 2018 04:15:24 AM UTC
scur	253	45	44	44	46	44	0	0	0	0	0	223	0	0		Wed 26 Sep 2018 04:15:54 AM UTC
scur	276	46	42	42	43	43	0	0	0	0	0	216	0	0		Wed 26 Sep 2018 04:16:24 AM UTC
scur	257	50	49	49	50	47	0	0	0	0	0	245	0	0		Wed 26 Sep 2018 04:16:55 AM UTC
scur	230	47	37	43	44	46	0	0	0	0	0	217	0	0		Wed 26 Sep 2018 04:17:25 AM UTC
scur	251	43	44	43	43	42	0	0	0	0	0	215	0	0		Wed 26 Sep 2018 04:17:55 AM UTC
scur	427	76	69	68	71	69	0	0	0	0	0	353	0	0		Wed 26 Sep 2018 04:18:26 AM UTC
scur	145	29	26	27	25	22	0	0	0	0	0	129	0	0		Wed 26 Sep 2018 04:18:56 AM UTC
scur	235	44	40	40	41	40	0	0	0	0	0	205	0	0		Wed 26 Sep 2018 04:19:26 AM UTC
scur	295	53	49	51	50	52	0	0	0	0	0	255	0	0		Wed 26 Sep 2018 04:19:56 AM UTC
scur	531	98	97	100	97	99	0	0	0	0	0	491	0	0		Wed 26 Sep 2018 04:20:27 AM UTC
scur	200	37	41	40	42	33	0	0	0	0	0	193	0	0		Wed 26 Sep 2018 04:20:57 AM UTC
scur	141	26	25	22	26	25	0	0	0	0	0	124	0	0		Wed 26 Sep 2018 04:21:27 AM UTC
scur	330	59	55	52	51	52	0	0	0	0	0	269	0	0		Wed 26 Sep 2018 04:21:58 AM UTC
scur	250	39	34	39	36	35	0	0	0	0	0	183	0	0		Wed 26 Sep 2018 04:22:28 AM UTC
scur	792	140	144	151	147	139	0	0	0	0	0	721	0	0		Wed 26 Sep 2018 04:22:58 AM UTC
scur	171	23	23	22	22	22	0	0	0	0	0	112	0	0		Wed 26 Sep 2018 04:23:29 AM UTC
scur	286	53	53	52	52	53	0	0	0	0	0	263	0	0		Wed 26 Sep 2018 04:23:59 AM UTC
scur	196	35	35	35	35	35	0	0	0	0	0	175	0	0		Wed 26 Sep 2018 04:24:29 AM UTC
scur	145	21	23	23	23	23	0	0	0	0	0	113	0	0		Wed 26 Sep 2018 04:24:59 AM UTC
scur	186	36	36	30	36	36	0	0	0	0	0	174	0	0		Wed 26 Sep 2018 04:25:30 AM UTC
scur	157	27	26	26	26	26	0	0	0	0	0	131	0	0		Wed 26 Sep 2018 04:26:00 AM UTC
scur	183	29	24	24	23	25	0	0	0	0	0	125	0	0		Wed 26 Sep 2018 04:26:30 AM UTC
scur	164	21	23	22	21	16	0	0	0	0	0	103	0	0		Wed 26 Sep 2018 04:27:00 AM UTC
scur	165	28	28	27	24	28	0	0	0	0	0	135	0	0		Wed 26 Sep 2018 04:27:31 AM UTC
scur	328	65	58	51	52	50	0	0	0	0	0	276	0	0		Wed 26 Sep 2018 04:28:01 AM UTC
scur	141	28	29	28	28	28	0	0	0	0	0	141	0	0		Wed 26 Sep 2018 04:28:31 AM UTC
scur	148	27	28	28	27	24	0	0	0	0	0	134	0	0		Wed 26 Sep 2018 04:29:02 AM UTC
scur	145	28	29	26	21	26	0	0	0	0	0	130	0	0		Wed 26 Sep 2018 04:29:32 AM UTC
scur	273	47	45	44	46	44	0	0	0	0	0	226	0	0		Wed 26 Sep 2018 04:30:02 AM UTC
scur	166	30	30	30	29	29	0	0	0	0	0	148	0	0		Wed 26 Sep 2018 04:30:32 AM UTC
scur	96	14	14	14	14	14	0	0	0	0	0	70	0	0		Wed 26 Sep 2018 04:31:03 AM UTC
scur	152	21	24	26	27	27	0	0	0	0	0	125	0	0		Wed 26 Sep 2018 04:31:33 AM UTC
scur	124	23	22	19	23	22	0	0	0	0	0	109	0	0		Wed 26 Sep 2018 04:32:03 AM UTC
scur	126	20	20	21	19	21	0	0	0	0	0	101	0	0		Wed 26 Sep 2018 04:32:33 AM UTC
scur	167	28	25	24	25	26	0	0	0	0	0	128	0	0		Wed 26 Sep 2018 04:33:04 AM UTC
scur	156	29	29	29	28	24	0	0	0	0	0	139	0	0		Wed 26 Sep 2018 04:33:34 AM UTC
scur	105	19	18	18	18	18	0	0	0	0	0	91	0	0		Wed 26 Sep 2018 04:34:04 AM UTC
scur	103	16	15	16	16	16	0	0	0	0	0	79	0	0		Wed 26 Sep 2018 04:34:34 AM UTC
scur	117	23	21	21	21	22	0	0	0	0	0	108	0	0		Wed 26 Sep 2018 04:35:05 AM UTC
scur	118	21	19	20	20	20	0	0	0	0	0	100	0	0		Wed 26 Sep 2018 04:35:35 AM UTC
scur	91	15	14	14	15	15	0	0	0	0	0	73	0	0		Wed 26 Sep 2018 04:36:05 AM UTC
scur	331	60	55	50	57	57	0	0	0	0	0	279	0	0		Wed 26 Sep 2018 04:36:35 AM UTC
scur	146	28	27	26	26	27	0	0	0	0	0	134	0	0		Wed 26 Sep 2018 04:37:06 AM UTC
scur	93	17	17	17	17	17	0	0	0	0	0	85	0	0		Wed 26 Sep 2018 04:37:36 AM UTC
scur	447	78	83	86	87	78	0	0	0	0	0	412	0	0		Wed 26 Sep 2018 04:38:06 AM UTC
scur	222	35	30	30	35	32	0	0	0	0	0	162	0	0		Wed 26 Sep 2018 04:38:37 AM UTC
scur	98	16	17	17	16	16	0	0	0	0	0	82	0	0		Wed 26 Sep 2018 04:39:07 AM UTC
scur	121	23	20	19	21	20	0	0	0	0	0	103	0	0		Wed 26 Sep 2018 04:39:37 AM UTC
scur	203	35	31	35	34	36	0	0	0	0	0	171	0	0		Wed 26 Sep 2018 04:40:07 AM UTC
scur	86	13	12	11	12	12	0	0	0	0	0	60	0	0		Wed 26 Sep 2018 04:40:38 AM UTC
scur	96	17	16	17	16	16	0	0	0	0	0	82	0	0		Wed 26 Sep 2018 04:41:08 AM UTC
scur	87	17	16	16	17	17	0	0	0	0	0	83	0	0		Wed 26 Sep 2018 04:41:38 AM UTC
scur	119	18	21	21	20	21	0	0	0	0	0	101	0	0		Wed 26 Sep 2018 04:42:08 AM UTC
scur	378	70	64	51	62	64	0	0	0	0	0	311	0	0		Wed 26 Sep 2018 04:42:39 AM UTC
scur	126	23	23	23	23	24	0	0	0	0	0	116	0	0		Wed 26 Sep 2018 04:43:09 AM UTC
scur	130	20	18	19	15	18	0	0	0	0	0	90	0	0		Wed 26 Sep 2018 04:43:39 AM UTC
scur	119	16	12	16	12	28	0	0	0	0	0	84	0	0		Wed 26 Sep 2018 04:44:10 AM UTC
scur	126	21	20	20	21	21	0	0	0	0	0	103	0	0		Wed 26 Sep 2018 04:44:40 AM UTC
scur	110	20	20	20	20	20	0	0	0	0	0	100	0	0		Wed 26 Sep 2018 04:45:10 AM UTC
scur	105	12	10	11	11	11	0	0	0	0	0	55	0	0		Wed 26 Sep 2018 04:45:40 AM UTC
scur	129	14	16	18	18	18	0	0	0	0	0	84	0	0		Wed 26 Sep 2018 04:46:11 AM UTC
scur	84	16	17	16	17	17	0	0	0	0	0	83	0	0		Wed 26 Sep 2018 04:46:41 AM UTC
scur	103	21	19	19	18	20	0	0	0	0	0	97	0	0		Wed 26 Sep 2018 04:47:11 AM UTC
scur	85	11	11	10	11	10	0	0	0	0	0	53	0	0		Wed 26 Sep 2018 04:47:41 AM UTC
scur	82	17	16	16	16	16	0	0	0	0	0	81	0	0		Wed 26 Sep 2018 04:48:12 AM UTC
scur	89	10	10	10	9	10	0	0	0	0	0	49	0	0		Wed 26 Sep 2018 04:48:42 AM UTC
scur	80	15	15	15	16	16	0	0	0	0	0	77	0	0		Wed 26 Sep 2018 04:49:12 AM UTC
scur	158	20	17	19	18	19	0	0	0	0	0	93	0	0		Wed 26 Sep 2018 04:49:42 AM UTC
scur	86	15	14	14	15	15	0	0	0	0	0	73	0	0		Wed 26 Sep 2018 04:50:13 AM UTC
scur	98	15	12	14	13	13	0	0	0	0	0	67	0	0		Wed 26 Sep 2018 04:50:43 AM UTC
scur	166	23	22	21	20	20	0	0	0	0	0	106	0	0		Wed 26 Sep 2018 04:51:13 AM UTC
scur	125	21	21	21	21	21	0	0	0	0	0	105	0	0		Wed 26 Sep 2018 04:51:44 AM UTC
scur	101	21	20	20	20	20	0	0	0	0	0	101	0	0		Wed 26 Sep 2018 04:52:14 AM UTC
scur	85	15	16	16	15	15	0	0	0	0	0	77	0	0		Wed 26 Sep 2018 04:52:44 AM UTC
scur	76	15	13	14	14	13	0	0	0	0	0	69	0	0		Wed 26 Sep 2018 04:53:14 AM UTC
scur	88	17	18	17	17	18	0	0	0	0	0	87	0	0		Wed 26 Sep 2018 04:53:44 AM UTC
scur	79	14	14	14	13	13	0	0	0	0	0	68	0	0		Wed 26 Sep 2018 04:54:15 AM UTC
scur	70	10	9	10	10	9	0	0	0	0	0	48	0	0		Wed 26 Sep 2018 04:54:45 AM UTC
scur	72	11	11	11	11	12	0	0	0	0	0	56	0	0		Wed 26 Sep 2018 04:55:15 AM UTC
scur	75	13	14	13	13	12	0	0	0	0	0	65	0	0		Wed 26 Sep 2018 04:55:45 AM UTC
scur	78	14	14	14	14	14	0	0	0	0	0	70	0	0		Wed 26 Sep 2018 04:56:16 AM UTC
scur	168	24	24	19	19	22	0	0	0	0	0	108	0	0		Wed 26 Sep 2018 04:56:46 AM UTC
scur	113	15	14	15	14	14	0	0	0	0	0	72	0	0		Wed 26 Sep 2018 04:57:16 AM UTC
scur	76	12	12	12	12	12	0	0	0	0	0	60	0	0		Wed 26 Sep 2018 04:57:46 AM UTC
scur	89	12	10	10	10	11	0	0	0	0	0	53	0	0		Wed 26 Sep 2018 04:58:17 AM UTC
scur	86	15	15	15	15	15	0	0	0	0	0	75	0	0		Wed 26 Sep 2018 04:58:47 AM UTC
scur	116	14	14	14	14	15	0	0	0	0	0	71	0	0		Wed 26 Sep 2018 04:59:17 AM UTC
scur	98	15	16	16	16	16	0	0	0	0	0	79	0	0		Wed 26 Sep 2018 04:59:47 AM UTC
scur	74	10	10	10	11	10	0	0	0	0	0	51	0	0		Wed 26 Sep 2018 05:00:18 AM UTC
scur	76	15	14	15	13	14	0	0	0	0	0	71	0	0		Wed 26 Sep 2018 05:00:48 AM UTC
scur	77	11	12	11	11	12	0	0	0	0	0	57	0	0		Wed 26 Sep 2018 05:01:18 AM UTC
scur	84	17	17	17	16	16	0	0	0	0	0	83	0	0		Wed 26 Sep 2018 05:01:48 AM UTC
scur	79	13	13	13	14	14	0	0	0	0	0	67	0	0		Wed 26 Sep 2018 05:02:19 AM UTC
scur	83	9	10	9	10	10	0	0	0	0	0	48	0	0		Wed 26 Sep 2018 05:02:49 AM UTC
scur	81	10	9	9	10	9	0	0	0	0	0	47	0	0		Wed 26 Sep 2018 05:03:19 AM UTC
scur	141	22	22	20	22	18	0	0	0	0	0	104	0	0		Wed 26 Sep 2018 05:03:49 AM UTC
scur	69	11	10	9	10	10	0	0	0	0	0	50	0	0		Wed 26 Sep 2018 05:04:20 AM UTC
scur	74	10	10	10	10	10	0	0	0	0	0	50	0	0		Wed 26 Sep 2018 05:04:50 AM UTC
scur	87	9	9	10	9	9	0	0	0	0	0	46	0	0		Wed 26 Sep 2018 05:05:20 AM UTC
scur	105	15	15	15	15	15	0	0	0	0	0	75	0	0		Wed 26 Sep 2018 05:05:50 AM UTC
scur	129	18	20	18	19	19	0	0	0	0	0	94	0	0		Wed 26 Sep 2018 05:06:21 AM UTC
scur	63	12	12	12	10	11	0	0	0	0	0	57	0	0		Wed 26 Sep 2018 05:06:51 AM UTC
scur	71	12	13	12	12	13	0	0	0	0	0	62	0	0		Wed 26 Sep 2018 05:07:21 AM UTC
scur	92	18	19	18	18	19	0	0	0	0	0	92	0	0		Wed 26 Sep 2018 05:07:51 AM UTC
scur	66	9	9	9	10	9	0	0	0	0	0	46	0	0		Wed 26 Sep 2018 05:08:22 AM UTC
scur	69	9	8	8	9	8	0	0	0	0	0	42	0	0		Wed 26 Sep 2018 05:08:52 AM UTC
scur	59	8	8	8	8	8	0	0	0	0	0	40	0	0		Wed 26 Sep 2018 05:09:22 AM UTC
scur	72	8	8	9	8	8	0	0	0	0	0	41	0	0		Wed 26 Sep 2018 05:09:52 AM UTC
scur	65	9	9	9	9	9	0	0	0	0	0	45	0	0		Wed 26 Sep 2018 05:10:23 AM UTC
scur	69	10	11	11	10	10	0	0	0	0	0	52	0	0		Wed 26 Sep 2018 05:10:53 AM UTC
scur	65	9	9	8	9	9	0	0	0	0	0	44	0	0		Wed 26 Sep 2018 05:11:23 AM UTC
scur	85	9	9	9	9	10	0	0	0	0	0	46	0	0		Wed 26 Sep 2018 05:11:53 AM UTC
scur	62	10	9	9	10	10	0	0	0	0	0	48	0	0		Wed 26 Sep 2018 05:12:23 AM UTC
scur	79	13	13	13	12	12	0	0	0	0	0	63	0	0		Wed 26 Sep 2018 05:12:54 AM UTC
scur	56	9	8	9	8	8	0	0	0	0	0	42	0	0		Wed 26 Sep 2018 05:13:24 AM UTC
scur	73	12	13	12	13	12	0	0	0	0	0	62	0	0		Wed 26 Sep 2018 05:13:54 AM UTC
scur	79	10	9	10	10	10	0	0	0	0	0	49	0	0		Wed 26 Sep 2018 05:14:25 AM UTC
scur	65	7	8	8	8	8	0	0	0	0	0	39	0	0		Wed 26 Sep 2018 05:14:55 AM UTC
scur	51	8	8	8	8	8	0	0	0	0	0	40	0	0		Wed 26 Sep 2018 05:15:25 AM UTC
scur	78	10	10	9	10	10	0	0	0	0	0	49	0	0		Wed 26 Sep 2018 05:15:55 AM UTC
scur	80	12	11	12	12	12	0	0	0	0	0	59	0	0		Wed 26 Sep 2018 05:16:26 AM UTC
scur	56	9	10	10	9	10	0	0	0	0	0	48	0	0		Wed 26 Sep 2018 05:16:56 AM UTC
scur	55	11	10	11	11	10	0	0	0	0	0	53	0	0		Wed 26 Sep 2018 05:17:26 AM UTC
scur	68	9	11	8	10	10	0	0	0	0	0	48	0	0		Wed 26 Sep 2018 05:17:56 AM UTC
scur	72	9	9	9	8	9	0	0	0	0	0	44	0	0		Wed 26 Sep 2018 05:18:26 AM UTC
scur	58	12	11	11	11	11	0	0	0	0	0	56	0	0		Wed 26 Sep 2018 05:18:57 AM UTC
scur	55	8	7	7	8	7	0	0	0	0	0	37	0	0		Wed 26 Sep 2018 05:19:27 AM UTC
scur	62	8	7	7	8	8	0	0	0	0	0	38	0	0		Wed 26 Sep 2018 05:19:57 AM UTC
scur	52	10	10	10	9	10	0	0	0	0	0	49	0	0		Wed 26 Sep 2018 05:20:27 AM UTC
scur	51	10	10	10	10	10	0	0	0	0	0	50	0	0		Wed 26 Sep 2018 05:20:58 AM UTC
scur	77	12	11	12	12	11	0	0	0	0	0	58	0	0		Wed 26 Sep 2018 05:21:28 AM UTC
scur	52	7	8	8	7	7	0	0	0	0	0	37	0	0		Wed 26 Sep 2018 05:21:58 AM UTC
scur	70	10	10	9	11	9	0	0	0	0	0	49	0	0		Wed 26 Sep 2018 05:22:28 AM UTC
scur	55	10	10	10	10	11	0	0	0	0	0	51	0	0		Wed 26 Sep 2018 05:22:59 AM UTC
scur	44	9	9	9	8	8	0	0	0	0	0	43	0	0		Wed 26 Sep 2018 05:23:29 AM UTC
scur	53	10	10	10	10	10	0	0	0	0	0	50	0	0		Wed 26 Sep 2018 05:23:59 AM UTC
scur	62	7	7	7	7	8	0	0	0	0	0	36	0	0		Wed 26 Sep 2018 05:24:29 AM UTC
scur	57	7	7	7	7	8	0	0	0	0	0	36	0	0		Wed 26 Sep 2018 05:24:59 AM UTC
scur	63	8	7	7	8	8	0	0	0	0	0	38	0	0		Wed 26 Sep 2018 05:25:30 AM UTC
scur	48	8	8	8	7	7	0	0	0	0	0	38	0	0		Wed 26 Sep 2018 05:26:00 AM UTC
scur	46	7	8	7	8	8	0	0	0	0	0	38	0	0		Wed 26 Sep 2018 05:26:30 AM UTC
scur	66	10	11	10	10	11	0	0	0	0	0	52	0	0		Wed 26 Sep 2018 05:27:00 AM UTC
scur	48	9	9	9	8	9	0	0	0	0	0	44	0	0		Wed 26 Sep 2018 05:27:31 AM UTC
scur	61	10	10	10	10	9	0	0	0	0	0	49	0	0		Wed 26 Sep 2018 05:28:01 AM UTC
scur	43	7	7	8	7	7	0	0	0	0	0	36	0	0		Wed 26 Sep 2018 05:28:31 AM UTC
scur	45	7	8	7	7	8	0	0	0	0	0	37	0	0		Wed 26 Sep 2018 05:29:01 AM UTC
scur	64	10	11	10	10	11	0	0	0	0	0	52	0	0		Wed 26 Sep 2018 05:29:32 AM UTC
scur	48	9	8	8	8	9	0	0	0	0	0	42	0	0		Wed 26 Sep 2018 05:30:02 AM UTC
scur	40	7	7	6	6	7	0	0	0	0	0	33	0	0		Wed 26 Sep 2018 05:30:32 AM UTC
scur	45	9	9	8	9	9	0	0	0	0	0	44	0	0		Wed 26 Sep 2018 05:31:02 AM UTC
scur	54	9	8	8	8	8	0	0	0	0	0	41	0	0		Wed 26 Sep 2018 05:31:32 AM UTC
scur	47	7	7	7	8	8	0	0	0	0	0	37	0	0		Wed 26 Sep 2018 05:32:03 AM UTC
scur	42	9	8	8	8	8	0	0	0	0	0	41	0	0		Wed 26 Sep 2018 05:32:33 AM UTC
scur	42	8	7	8	7	8	0	0	0	0	0	38	0	0		Wed 26 Sep 2018 05:33:03 AM UTC
scur	41	7	7	7	8	7	0	0	0	0	0	36	0	0		Wed 26 Sep 2018 05:33:33 AM UTC
scur	48	9	8	9	8	8	0	0	0	0	0	42	0	0		Wed 26 Sep 2018 05:34:03 AM UTC
scur	46	9	9	9	8	8	0	0	0	0	0	43	0	0		Wed 26 Sep 2018 05:34:34 AM UTC
scur	45	5	6	6	6	6	0	0	0	0	0	29	0	0		Wed 26 Sep 2018 05:35:04 AM UTC
scur	41	7	6	7	7	6	0	0	0	0	0	33	0	0		Wed 26 Sep 2018 05:35:34 AM UTC
scur	42	7	7	6	6	7	0	0	0	0	0	33	0	0		Wed 26 Sep 2018 05:36:04 AM UTC
scur	43	7	6	7	7	6	0	0	0	0	0	33	0	0		Wed 26 Sep 2018 05:36:35 AM UTC
scur	39	8	8	7	8	8	0	0	0	0	0	39	0	0		Wed 26 Sep 2018 05:37:05 AM UTC
scur	41	8	8	8	8	8	0	0	0	0	0	40	0	0		Wed 26 Sep 2018 05:37:35 AM UTC
scur	45	9	9	9	9	9	0	0	0	0	0	45	0	0		Wed 26 Sep 2018 05:38:05 AM UTC
scur	44	7	6	6	7	6	0	0	0	0	0	32	0	0		Wed 26 Sep 2018 05:38:35 AM UTC
scur	45	6	6	6	6	6	0	0	0	0	0	30	0	0		Wed 26 Sep 2018 05:39:06 AM UTC
scur	43	5	6	6	6	6	0	0	0	0	0	29	0	0		Wed 26 Sep 2018 05:39:36 AM UTC
scur	47	8	7	8	7	7	0	0	0	0	0	37	0	0		Wed 26 Sep 2018 05:40:06 AM UTC
scur	44	7	6	6	6	6	0	0	0	0	0	31	0	0		Wed 26 Sep 2018 05:40:36 AM UTC
scur	36	6	6	6	7	6	0	0	0	0	0	31	0	0		Wed 26 Sep 2018 05:41:06 AM UTC
scur	42	9	8	9	8	8	0	0	0	0	0	42	0	0		Wed 26 Sep 2018 05:41:37 AM UTC
scur	56	6	6	6	6	6	0	0	0	0	0	30	0	0		Wed 26 Sep 2018 05:42:07 AM UTC
scur	44	8	8	8	8	8	0	0	0	0	0	40	0	0		Wed 26 Sep 2018 05:42:37 AM UTC
scur	35	7	7	7	7	7	0	0	0	0	0	35	0	0		Wed 26 Sep 2018 05:43:07 AM UTC
scur	35	7	7	7	6	7	0	0	0	0	0	34	0	0		Wed 26 Sep 2018 05:43:37 AM UTC
scur	44	6	6	6	6	6	0	0	0	0	0	30	0	0		Wed 26 Sep 2018 05:44:08 AM UTC
scur	35	6	6	6	5	6	0	0	0	0	0	29	0	0		Wed 26 Sep 2018 05:44:38 AM UTC
scur	37	7	7	8	7	7	0	0	0	0	0	36	0	0		Wed 26 Sep 2018 05:45:08 AM UTC
scur	35	5	6	6	6	6	0	0	0	0	0	29	0	0		Wed 26 Sep 2018 05:45:38 AM UTC
scur	37	6	7	6	6	6	0	0	0	0	0	31	0	0		Wed 26 Sep 2018 05:46:08 AM UTC
scur	39	7	8	7	7	7	0	0	0	0	0	36	0	0		Wed 26 Sep 2018 05:46:39 AM UTC
scur	37	7	8	7	7	7	0	0	0	0	0	36	0	0		Wed 26 Sep 2018 05:47:09 AM UTC
scur	36	7	6	8	7	7	0	0	0	0	0	35	0	0		Wed 26 Sep 2018 05:47:39 AM UTC
scur	35	6	6	6	5	6	0	0	0	0	0	29	0	0		Wed 26 Sep 2018 05:48:09 AM UTC
scur	38	5	6	5	5	6	0	0	0	0	0	27	0	0		Wed 26 Sep 2018 05:48:39 AM UTC
scur	40	5	5	5	5	5	0	0	0	0	0	25	0	0		Wed 26 Sep 2018 05:49:10 AM UTC
scur	37	7	7	7	8	8	0	0	0	0	0	37	0	0		Wed 26 Sep 2018 05:49:40 AM UTC
scur	32	6	7	6	6	6	0	0	0	0	0	31	0	0		Wed 26 Sep 2018 05:50:10 AM UTC
scur	33	6	7	6	6	6	0	0	0	0	0	31	0	0		Wed 26 Sep 2018 05:50:40 AM UTC
scur	34	6	6	6	6	5	0	0	0	0	0	29	0	0		Wed 26 Sep 2018 05:51:10 AM UTC
scur	36	6	7	6	7	7	0	0	0	0	0	33	0	0		Wed 26 Sep 2018 05:51:41 AM UTC
scur	37	6	7	7	6	6	0	0	0	0	0	32	0	0		Wed 26 Sep 2018 05:52:11 AM UTC
scur	39	5	5	4	5	5	0	0	0	0	0	24	0	0		Wed 26 Sep 2018 05:52:41 AM UTC
scur	32	6	5	6	6	5	0	0	0	0	0	28	0	0		Wed 26 Sep 2018 05:53:11 AM UTC
scur	33	7	6	6	6	6	0	0	0	0	0	31	0	0		Wed 26 Sep 2018 05:53:41 AM UTC
scur	34	6	6	6	5	5	0	0	0	0	0	28	0	0		Wed 26 Sep 2018 05:54:12 AM UTC
scur	36	5	5	5	5	5	0	0	0	0	0	25	0	0		Wed 26 Sep 2018 05:54:42 AM UTC
scur	37	6	5	6	6	5	0	0	0	0	0	28	0	0		Wed 26 Sep 2018 05:55:12 AM UTC
scur	42	5	6	6	5	6	0	0	0	0	0	28	0	0		Wed 26 Sep 2018 05:55:42 AM UTC
scur	38	5	5	5	5	5	0	0	0	0	0	25	0	0		Wed 26 Sep 2018 05:56:12 AM UTC
scur	32	6	7	7	6	6	0	0	0	0	0	32	0	0		Wed 26 Sep 2018 05:56:43 AM UTC
scur	33	5	5	5	5	4	0	0	0	0	0	24	0	0		Wed 26 Sep 2018 05:57:13 AM UTC
scur	34	6	5	5	6	6	0	0	0	0	0	28	0	0		Wed 26 Sep 2018 05:57:43 AM UTC
scur	30	6	6	6	6	6	0	0	0	0	0	30	0	0		Wed 26 Sep 2018 05:58:13 AM UTC
scur	33	6	6	6	5	6	0	0	0	0	0	29	0	0		Wed 26 Sep 2018 05:58:43 AM UTC
scur	34	5	5	5	5	4	0	0	0	0	0	24	0	0		Wed 26 Sep 2018 05:59:14 AM UTC
scur	32	6	6	7	6	6	0	0	0	0	0	31	0	0		Wed 26 Sep 2018 05:59:44 AM UTC
scur	30	5	6	5	6	6	0	0	0	0	0	28	0	0		Wed 26 Sep 2018 06:00:14 AM UTC
scur	33	5	5	4	5	5	0	0	0	0	0	24	0	0		Wed 26 Sep 2018 06:00:44 AM UTC
scur	33	6	6	6	5	6	0	0	0	0	0	29	0	0		Wed 26 Sep 2018 06:01:14 AM UTC
scur	29	5	5	5	5	5	0	0	0	0	0	25	0	0		Wed 26 Sep 2018 06:01:44 AM UTC
scur	33	6	6	5	6	6	0	0	0	0	0	29	0	0		Wed 26 Sep 2018 06:02:15 AM UTC
scur	42	5	5	5	4	5	0	0	0	0	0	24	0	0		Wed 26 Sep 2018 06:02:45 AM UTC
scur	37	6	6	6	6	6	0	0	0	0	0	30	0	0		Wed 26 Sep 2018 06:03:15 AM UTC
scur	30	6	6	6	6	6	0	0	0	0	0	30	0	0		Wed 26 Sep 2018 06:03:45 AM UTC
scur	31	6	6	6	6	6	0	0	0	0	0	30	0	0		Wed 26 Sep 2018 06:04:15 AM UTC
scur	30	5	5	5	5	5	0	0	0	0	0	25	0	0		Wed 26 Sep 2018 06:04:46 AM UTC
scur	29	4	5	5	4	4	0	0	0	0	0	22	0	0		Wed 26 Sep 2018 06:05:16 AM UTC
scur	29	5	5	4	5	5	0	0	0	0	0	24	0	0		Wed 26 Sep 2018 06:05:46 AM UTC
scur	27	5	5	5	6	6	0	0	0	0	0	27	0	0		Wed 26 Sep 2018 06:06:16 AM UTC
scur	36	5	6	5	5	6	0	0	0	0	0	27	0	0		Wed 26 Sep 2018 06:06:46 AM UTC
scur	30	4	5	5	5	5	0	0	0	0	0	24	0	0		Wed 26 Sep 2018 06:07:17 AM UTC
scur	33	5	5	5	5	5	0	0	0	0	0	25	0	0		Wed 26 Sep 2018 06:07:47 AM UTC
scur	31	6	5	6	5	5	0	0	0	0	0	27	0	0		Wed 26 Sep 2018 06:08:17 AM UTC
scur	511	0	0	511	0	0	0	0	0	0	0	511	0	0		Wed 26 Sep 2018 06:08:47 AM UTC
scur	30	7	7	0	7	6	0	0	0	0	0	27	0	0		Wed 26 Sep 2018 06:09:17 AM UTC
scur	26	6	6	0	6	7	0	0	0	0	0	25	0	0		Wed 26 Sep 2018 06:09:48 AM UTC
scur	27	6	6	0	6	7	0	0	0	0	0	25	0	0		Wed 26 Sep 2018 06:10:18 AM UTC
scur	24	3	1	0	1	1	0	0	0	0	0	6	0	0		Wed 26 Sep 2018 06:10:48 AM UTC
scur	30	6	6	0	6	6	0	0	0	0	0	24	0	0		Wed 26 Sep 2018 06:11:18 AM UTC
scur	28	7	7	0	7	7	0	0	0	0	0	28	0	0		Wed 26 Sep 2018 06:11:48 AM UTC
scur	30	6	5	0	5	5	0	0	0	0	0	21	0	0		Wed 26 Sep 2018 06:12:19 AM UTC
scur	28	6	6	0	6	6	0	0	0	0	0	24	0	0		Wed 26 Sep 2018 06:12:49 AM UTC
scur	29	6	5	0	6	5	0	0	0	0	0	22	0	0		Wed 26 Sep 2018 06:13:19 AM UTC
scur	27	5	5	0	6	6	0	0	0	0	0	22	0	0		Wed 26 Sep 2018 06:13:49 AM UTC
scur	28	6	6	0	6	5	0	0	0	0	0	23	0	0		Wed 26 Sep 2018 06:14:19 AM UTC
scur	30	6	6	0	5	5	0	0	0	0	0	22	0	0		Wed 26 Sep 2018 06:14:50 AM UTC
scur	28	7	6	0	7	6	0	0	0	0	0	26	0	0		Wed 26 Sep 2018 06:15:20 AM UTC
scur	40	5	5	0	5	5	0	0	0	0	0	20	0	0		Wed 26 Sep 2018 06:15:50 AM UTC
scur	26	6	6	0	6	7	0	0	0	0	0	25	0	0		Wed 26 Sep 2018 06:16:20 AM UTC
scur	26	5	5	0	5	5	0	0	0	0	0	20	0	0		Wed 26 Sep 2018 06:16:50 AM UTC
scur	27	5	5	0	5	5	0	0	0	0	0	20	0	0		Wed 26 Sep 2018 06:17:20 AM UTC
scur	28	5	5	0	5	6	0	0	0	0	0	21	0	0		Wed 26 Sep 2018 06:17:51 AM UTC
scur	42	4	3	0	3	4	0	0	0	0	0	14	0	0		Wed 26 Sep 2018 06:18:21 AM UTC
scur	26	6	6	0	6	6	0	0	0	0	0	24	0	0		Wed 26 Sep 2018 06:18:51 AM UTC
scur	23	6	6	0	6	5	0	0	0	0	0	23	0	0		Wed 26 Sep 2018 06:19:21 AM UTC
scur	23	5	5	0	6	6	0	0	0	0	0	22	0	0		Wed 26 Sep 2018 06:19:51 AM UTC
scur	26	5	5	0	6	6	0	0	0	0	0	22	0	0		Wed 26 Sep 2018 06:20:22 AM UTC
scur	40	3	3	0	3	3	0	0	0	0	0	12	0	0		Wed 26 Sep 2018 06:20:52 AM UTC
scur	23	5	5	0	6	5	0	0	0	0	0	21	0	0		Wed 26 Sep 2018 06:21:22 AM UTC
scur	24	6	5	0	5	5	0	0	0	0	0	21	0	0		Wed 26 Sep 2018 06:21:52 AM UTC
scur	25	6	6	0	6	6	0	0	0	0	0	24	0	0		Wed 26 Sep 2018 06:22:22 AM UTC
scur	23	6	6	0	5	5	0	0	0	0	0	22	0	0		Wed 26 Sep 2018 06:22:52 AM UTC
scur	37	4	4	0	4	3	0	0	0	0	0	15	0	0		Wed 26 Sep 2018 06:23:23 AM UTC
scur	24	5	5	0	5	5	0	0	0	0	0	20	0	0		Wed 26 Sep 2018 06:23:53 AM UTC
scur	23	6	6	0	6	5	0	0	0	0	0	23	0	0		Wed 26 Sep 2018 06:24:23 AM UTC
scur	26	6	6	0	5	6	0	0	0	0	0	23	0	0		Wed 26 Sep 2018 06:24:53 AM UTC
scur	25	5	5	0	5	5	0	0	0	0	0	20	0	0		Wed 26 Sep 2018 06:25:23 AM UTC
scur	25	1	1	0	1	1	0	0	0	0	0	4	0	0		Wed 26 Sep 2018 06:25:54 AM UTC
scur	25	5	4	0	5	4	0	0	0	0	0	18	0	0		Wed 26 Sep 2018 06:26:24 AM UTC
scur	20	5	5	0	5	5	0	0	0	0	0	20	0	0		Wed 26 Sep 2018 06:26:54 AM UTC
scur	24	5	5	0	4	5	0	0	0	0	0	19	0	0		Wed 26 Sep 2018 06:27:24 AM UTC
scur	21	5	5	0	5	5	0	0	0	0	0	20	0	0		Wed 26 Sep 2018 06:27:54 AM UTC
scur	23	1	1	0	1	1	0	0	0	0	0	4	0	0		Wed 26 Sep 2018 06:28:25 AM UTC
scur	26	6	4	0	5	4	0	0	0	0	0	19	0	0		Wed 26 Sep 2018 06:28:55 AM UTC
scur	23	6	6	0	6	5	0	0	0	0	0	23	0	0		Wed 26 Sep 2018 06:29:25 AM UTC
scur	23	6	5	0	6	5	0	0	0	0	0	22	0	0		Wed 26 Sep 2018 06:29:55 AM UTC
scur	21	5	5	0	6	5	0	0	0	0	0	21	0	0		Wed 26 Sep 2018 06:30:25 AM UTC
scur	2796	1	0	0	2787	0	0	0	0	0	0	2788	0	0		Wed 26 Sep 2018 06:30:55 AM UTC
scur	24	6	6	0	0	7	0	0	0	0	0	19	0	0		Wed 26 Sep 2018 06:31:26 AM UTC
scur	23	7	7	0	0	7	0	0	0	0	0	21	0	0		Wed 26 Sep 2018 06:31:56 AM UTC
scur	33	9	7	0	0	8	0	0	0	0	0	24	0	0		Wed 26 Sep 2018 06:32:26 AM UTC
scur	25	6	7	0	0	6	0	0	0	0	0	19	0	0		Wed 26 Sep 2018 06:32:56 AM UTC
scur	33	7	5	0	0	6	0	0	0	0	0	18	0	0		Wed 26 Sep 2018 06:33:26 AM UTC
scur	22	6	6	0	0	6	0	0	0	0	0	18	0	0		Wed 26 Sep 2018 06:33:57 AM UTC
scur	23	7	6	0	0	6	0	0	0	0	0	19	0	0		Wed 26 Sep 2018 06:34:27 AM UTC
scur	19	6	7	0	0	6	0	0	0	0	0	19	0	0		Wed 26 Sep 2018 06:34:57 AM UTC
scur	21	7	7	0	0	7	0	0	0	0	0	21	0	0		Wed 26 Sep 2018 06:35:27 AM UTC
scur	32	4	4	0	0	3	0	0	0	0	0	11	0	0		Wed 26 Sep 2018 06:35:57 AM UTC
scur	21	7	7	0	0	7	0	0	0	0	0	21	0	0		Wed 26 Sep 2018 06:36:27 AM UTC
scur	24	7	6	0	0	6	0	0	0	0	0	19	0	0		Wed 26 Sep 2018 06:36:58 AM UTC
scur	33	6	6	0	0	6	0	0	0	0	0	18	0	0		Wed 26 Sep 2018 06:37:28 AM UTC
scur	21	7	7	0	0	6	0	0	0	0	0	20	0	0		Wed 26 Sep 2018 06:37:58 AM UTC
scur	31	5	4	0	0	4	0	0	0	0	0	13	0	0		Wed 26 Sep 2018 06:38:28 AM UTC
scur	21	6	7	0	0	6	0	0	0	0	0	19	0	0		Wed 26 Sep 2018 06:38:58 AM UTC
scur	24	6	5	0	0	5	0	0	0	0	0	16	0	0		Wed 26 Sep 2018 06:39:29 AM UTC
scur	21	6	6	0	0	6	0	0	0	0	0	18	0	0		Wed 26 Sep 2018 06:39:59 AM UTC
scur	21	5	6	0	0	6	0	0	0	0	0	17	0	0		Wed 26 Sep 2018 06:40:29 AM UTC
scur	23	2	3	0	0	2	0	0	0	0	0	7	0	0		Wed 26 Sep 2018 06:40:59 AM UTC
scur	18	6	5	0	0	6	0	0	0	0	0	17	0	0		Wed 26 Sep 2018 06:41:29 AM UTC
scur	21	6	6	0	0	5	0	0	0	0	0	17	0	0		Wed 26 Sep 2018 06:41:59 AM UTC
scur	19	6	7	0	0	6	0	0	0	0	0	19	0	0		Wed 26 Sep 2018 06:42:30 AM UTC
scur	20	6	5	0	0	6	0	0	0	0	0	17	0	0		Wed 26 Sep 2018 06:43:00 AM UTC
scur	28	4	2	0	0	3	0	0	0	0	0	9	0	0		Wed 26 Sep 2018 06:43:30 AM UTC
scur	19	5	6	0	0	5	0	0	0	0	0	16	0	0		Wed 26 Sep 2018 06:44:00 AM UTC
scur	20	7	6	0	0	6	0	0	0	0	0	19	0	0		Wed 26 Sep 2018 06:44:30 AM UTC
scur	22	6	5	0	0	5	0	0	0	0	0	16	0	0		Wed 26 Sep 2018 06:45:01 AM UTC
scur	21	6	6	0	0	5	0	0	0	0	0	17	0	0		Wed 26 Sep 2018 06:45:31 AM UTC
scur	21	3	3	0	0	3	0	0	0	0	0	9	0	0		Wed 26 Sep 2018 06:46:01 AM UTC
scur	30	5	6	0	0	6	0	0	0	0	0	17	0	0		Wed 26 Sep 2018 06:46:31 AM UTC
scur	19	6	6	0	0	5	0	0	0	0	0	17	0	0		Wed 26 Sep 2018 06:47:01 AM UTC
scur	19	6	5	0	0	6	0	0	0	0	0	17	0	0		Wed 26 Sep 2018 06:47:31 AM UTC
scur	19	6	5	0	0	5	0	0	0	0	0	16	0	0		Wed 26 Sep 2018 06:48:02 AM UTC
scur	28	6	6	0	0	5	0	0	0	0	0	17	0	0		Wed 26 Sep 2018 06:48:32 AM UTC
scur	15	4	4	0	0	4	0	0	0	0	0	12	0	0		Wed 26 Sep 2018 06:49:02 AM UTC
scur	14	5	4	0	0	5	0	0	0	0	0	14	0	0		Wed 26 Sep 2018 06:49:32 AM UTC
scur	13	4	3	0	0	4	0	0	0	0	0	11	0	0		Wed 26 Sep 2018 06:50:02 AM UTC
scur	15	5	5	0	0	5	0	0	0	0	0	15	0	0		Wed 26 Sep 2018 06:50:32 AM UTC
scur	15	4	3	0	0	3	0	0	0	0	0	10	0	0		Wed 26 Sep 2018 06:51:03 AM UTC
scur	740	730	4	0	0	3	0	0	0	0	0	737	0	0		Wed 26 Sep 2018 06:51:33 AM UTC
scur	1645	1643	1	0	0	1	0	0	0	0	0	1645	0	0		Wed 26 Sep 2018 06:52:03 AM UTC
scur	15	0	6	0	0	6	0	0	0	0	0	12	0	0		Wed 26 Sep 2018 06:52:33 AM UTC
scur	14	0	6	0	0	6	0	0	0	0	0	12	0	0		Wed 26 Sep 2018 06:53:03 AM UTC
scur	17	0	6	0	0	6	0	0	0	0	0	12	0	0		Wed 26 Sep 2018 06:53:33 AM UTC
scur	14	0	6	0	0	5	0	0	0	0	0	11	0	0		Wed 26 Sep 2018 06:54:04 AM UTC
scur	12	0	6	0	0	6	0	0	0	0	0	12	0	0		Wed 26 Sep 2018 06:54:34 AM UTC
scur	16	0	6	0	0	5	0	0	0	0	0	11	0	0		Wed 26 Sep 2018 06:55:04 AM UTC
scur	1463	0	1461	0	0	1	0	0	0	0	0	1462	0	0		Wed 26 Sep 2018 06:55:34 AM UTC
scur	2042	0	2042	0	0	0	0	0	0	0	0	2042	0	0		Wed 26 Sep 2018 06:56:04 AM UTC
scur	15	0	0	0	0	13	0	0	0	0	0	13	0	0		Wed 26 Sep 2018 06:56:34 AM UTC
scur	13	0	0	0	0	11	0	0	0	0	0	11	0	0		Wed 26 Sep 2018 06:57:05 AM UTC
scur	13	0	0	0	0	12	0	0	0	0	0	12	0	0		Wed 26 Sep 2018 06:57:35 AM UTC
scur	14	0	0	0	0	12	0	0	0	0	0	12	0	0		Wed 26 Sep 2018 06:58:05 AM UTC
scur	15	0	0	0	0	5	0	0	0	0	0	5	0	0		Wed 26 Sep 2018 06:58:35 AM UTC
scur	14	0	0	0	0	12	0	0	0	0	0	12	0	0		Wed 26 Sep 2018 06:59:05 AM UTC
scur	13	0	0	0	0	11	0	0	0	0	0	11	0	0		Wed 26 Sep 2018 06:59:35 AM UTC
scur	15	0	0	0	0	13	0	0	0	0	0	13	0	0		Wed 26 Sep 2018 07:00:06 AM UTC
scur	14	0	0	0	0	12	0	0	0	0	0	12	0	0		Wed 26 Sep 2018 07:00:36 AM UTC
scur	15	0	0	0	0	12	0	0	0	0	0	12	0	0		Wed 26 Sep 2018 07:01:06 AM UTC
scur	13	0	0	0	0	5	6	0	0	0	0	11	0	0		Wed 26 Sep 2018 07:01:36 AM UTC
scur	13	0	0	0	0	5	6	0	0	0	0	11	0	0		Wed 26 Sep 2018 07:02:06 AM UTC
scur	15	0	0	0	0	5	6	0	0	0	0	11	0	0		Wed 26 Sep 2018 07:02:36 AM UTC
scur	13	0	0	0	0	6	6	0	0	0	0	12	0	0		Wed 26 Sep 2018 07:03:07 AM UTC
scur	13	0	0	0	0	5	5	0	0	0	0	10	0	0		Wed 26 Sep 2018 07:03:37 AM UTC
scur	13	0	0	0	0	6	5	0	0	0	0	11	0	0		Wed 26 Sep 2018 07:04:07 AM UTC
scur	11	0	0	0	0	5	5	0	0	0	0	10	0	0		Wed 26 Sep 2018 07:04:37 AM UTC
scur	12	0	0	0	0	5	5	0	0	0	0	10	0	0		Wed 26 Sep 2018 07:05:07 AM UTC
scur	12	0	0	0	0	5	5	0	0	0	0	10	0	0		Wed 26 Sep 2018 07:05:37 AM UTC
scur	13	0	0	0	0	5	6	0	0	0	0	11	0	0		Wed 26 Sep 2018 07:06:08 AM UTC
scur	13	0	0	0	0	5	5	0	0	0	0	10	0	0		Wed 26 Sep 2018 07:06:38 AM UTC
scur	12	0	0	0	0	5	5	0	0	0	0	10	0	0		Wed 26 Sep 2018 07:07:08 AM UTC
scur	13	0	0	0	0	5	5	0	0	0	0	10	0	0		Wed 26 Sep 2018 07:07:38 AM UTC
scur	12	0	0	0	0	6	6	0	0	0	0	12	0	0		Wed 26 Sep 2018 07:08:08 AM UTC
scur	12	0	0	0	0	5	5	0	0	0	0	10	0	0		Wed 26 Sep 2018 07:08:38 AM UTC
scur	12	0	0	0	0	6	5	0	0	0	0	11	0	0		Wed 26 Sep 2018 07:09:09 AM UTC
scur	13	0	0	0	0	4	5	0	0	0	0	9	0	0		Wed 26 Sep 2018 07:09:39 AM UTC
scur	14	0	0	0	0	4	5	0	0	0	0	9	0	0		Wed 26 Sep 2018 07:10:09 AM UTC
scur	13	0	0	0	0	5	5	0	0	0	0	10	0	0		Wed 26 Sep 2018 07:10:39 AM UTC
scur	12	0	0	0	0	6	5	0	0	0	0	11	0	0		Wed 26 Sep 2018 07:11:09 AM UTC
scur	12	0	0	0	0	5	5	0	0	0	0	10	0	0		Wed 26 Sep 2018 07:11:39 AM UTC
scur	13	0	0	0	0	6	5	0	0	0	0	11	0	0		Wed 26 Sep 2018 07:12:10 AM UTC
scur	11	0	0	0	0	4	5	0	0	0	0	9	0	0		Wed 26 Sep 2018 07:12:40 AM UTC
scur	12	0	0	0	0	5	5	0	0	0	0	10	0	0		Wed 26 Sep 2018 07:13:10 AM UTC
scur	11	0	0	0	0	5	5	0	0	0	0	10	0	0		Wed 26 Sep 2018 07:13:40 AM UTC
scur	12	0	0	0	0	1	2	0	0	0	0	3	0	0		Wed 26 Sep 2018 07:14:10 AM UTC
scur	10	0	0	0	0	5	5	0	0	0	0	10	0	0		Wed 26 Sep 2018 07:14:41 AM UTC
scur	12	0	0	0	0	2	2	0	0	0	0	4	0	0		Wed 26 Sep 2018 07:15:11 AM UTC
scur	11	0	0	0	0	5	4	0	0	0	0	9	0	0		Wed 26 Sep 2018 07:15:41 AM UTC
scur	12	0	0	0	0	4	5	0	0	0	0	9	0	0		Wed 26 Sep 2018 07:16:11 AM UTC
scur	11	0	0	0	0	1	2	0	0	0	0	3	0	0		Wed 26 Sep 2018 07:16:41 AM UTC
scur	10	0	0	0	0	4	5	0	0	0	0	9	0	0		Wed 26 Sep 2018 07:17:11 AM UTC
scur	12	0	0	0	0	5	6	0	0	0	0	11	0	0		Wed 26 Sep 2018 07:17:41 AM UTC
scur	12	0	0	0	0	5	6	0	0	0	0	11	0	0		Wed 26 Sep 2018 07:18:12 AM UTC
scur	11	0	0	0	0	4	5	0	0	0	0	9	0	0		Wed 26 Sep 2018 07:18:42 AM UTC
scur	11	0	0	0	0	5	4	0	0	0	0	9	0	0		Wed 26 Sep 2018 07:19:12 AM UTC
scur	12	0	0	0	0	1	2	0	0	0	0	3	0	0		Wed 26 Sep 2018 07:19:42 AM UTC
scur	11	0	0	0	0	2	1	0	0	0	0	3	0	0		Wed 26 Sep 2018 07:20:12 AM UTC
scur	11	0	0	0	0	4	4	0	0	0	0	8	0	0		Wed 26 Sep 2018 07:20:42 AM UTC
scur	11	0	0	0	0	4	3	0	0	0	0	7	0	0		Wed 26 Sep 2018 07:21:13 AM UTC
scur	12	0	0	0	0	5	5	0	0	0	0	10	0	0		Wed 26 Sep 2018 07:21:43 AM UTC
scur	11	0	0	0	0	5	5	0	0	0	0	10	0	0		Wed 26 Sep 2018 07:22:13 AM UTC
scur	12	0	0	0	0	5	5	0	0	0	0	10	0	0		Wed 26 Sep 2018 07:22:43 AM UTC
scur	10	0	0	0	0	4	4	0	0	0	0	8	0	0		Wed 26 Sep 2018 07:23:13 AM UTC
scur	1637	0	0	0	0	1636	1	0	0	0	0	1637	0	0		Wed 26 Sep 2018 07:23:43 AM UTC
scur	922	0	0	0	0	920	2	0	0	0	0	922	0	0		Wed 26 Sep 2018 07:24:14 AM UTC
scur	12	0	0	0	0	0	9	0	0	0	0	9	0	0		Wed 26 Sep 2018 07:24:44 AM UTC
scur	11	0	0	0	0	0	10	0	0	0	0	10	0	0		Wed 26 Sep 2018 07:25:14 AM UTC
scur	11	0	0	0	0	0	3	0	0	0	0	3	0	0		Wed 26 Sep 2018 07:25:44 AM UTC
scur	10	0	0	0	0	0	2	0	0	0	0	2	0	0		Wed 26 Sep 2018 07:26:14 AM UTC
scur	10	0	0	0	0	0	7	0	0	0	0	7	0	0		Wed 26 Sep 2018 07:26:44 AM UTC
scur	10	0	0	0	0	0	10	0	0	0	0	10	0	0		Wed 26 Sep 2018 07:27:15 AM UTC
scur	11	0	0	0	0	0	10	0	0	0	0	10	0	0		Wed 26 Sep 2018 07:27:45 AM UTC
scur	10	0	0	0	0	0	10	0	0	0	0	10	0	0		Wed 26 Sep 2018 07:28:15 AM UTC
scur	10	0	0	0	0	0	10	0	0	0	0	10	0	0		Wed 26 Sep 2018 07:28:45 AM UTC
scur	11	0	0	0	0	0	8	0	0	0	0	8	0	0		Wed 26 Sep 2018 07:29:15 AM UTC
scur	10	0	0	0	0	0	9	0	0	0	0	9	0	0		Wed 26 Sep 2018 07:29:45 AM UTC
scur	11	0	0	0	0	0	9	0	0	0	0	9	0	0		Wed 26 Sep 2018 07:30:16 AM UTC
scur	9	0	0	0	0	0	8	0	0	0	0	8	0	0		Wed 26 Sep 2018 07:30:46 AM UTC
scur	11	0	0	0	0	0	10	0	0	0	0	10	0	0		Wed 26 Sep 2018 07:31:16 AM UTC
scur	11	0	0	0	0	0	9	0	0	0	0	9	0	0		Wed 26 Sep 2018 07:31:46 AM UTC
scur	10	0	0	0	0	0	8	0	0	0	0	8	0	0		Wed 26 Sep 2018 07:32:16 AM UTC
scur	10	0	0	0	0	0	8	0	0	0	0	8	0	0		Wed 26 Sep 2018 07:32:46 AM UTC
scur	10	0	0	0	0	0	9	0	0	0	0	9	0	0		Wed 26 Sep 2018 07:33:16 AM UTC
scur	9	0	0	0	0	0	8	0	0	0	0	8	0	0		Wed 26 Sep 2018 07:33:47 AM UTC
scur	8	0	0	0	0	0	7	0	0	0	0	7	0	0		Wed 26 Sep 2018 07:34:17 AM UTC
scur	9	0	0	0	0	0	7	0	0	0	0	7	0	0		Wed 26 Sep 2018 07:34:47 AM UTC
scur	10	0	0	0	0	0	7	0	0	0	0	7	0	0		Wed 26 Sep 2018 07:35:17 AM UTC
scur	9	0	0	0	0	0	8	0	0	0	0	8	0	0		Wed 26 Sep 2018 07:35:47 AM UTC
scur	9	0	0	0	0	0	7	0	0	0	0	7	0	0		Wed 26 Sep 2018 07:36:17 AM UTC
scur	9	0	0	0	0	0	9	0	0	0	0	9	0	0		Wed 26 Sep 2018 07:36:48 AM UTC
scur	8	0	0	0	0	0	8	0	0	0	0	8	0	0		Wed 26 Sep 2018 07:37:18 AM UTC
scur	9	0	0	0	0	0	8	0	0	0	0	8	0	0		Wed 26 Sep 2018 07:37:48 AM UTC
scur	9	0	0	0	0	0	8	0	0	0	0	8	0	0		Wed 26 Sep 2018 07:38:18 AM UTC
scur	9	0	0	0	0	0	8	0	0	0	0	8	0	0		Wed 26 Sep 2018 07:38:48 AM UTC
scur	9	0	0	0	0	0	2	0	0	0	0	2	0	0		Wed 26 Sep 2018 07:39:18 AM UTC
scur	9	0	0	0	0	0	8	0	0	0	0	8	0	0		Wed 26 Sep 2018 07:39:49 AM UTC
scur	9	0	0	0	0	0	8	0	0	0	0	8	0	0		Wed 26 Sep 2018 07:40:19 AM UTC
scur	8	0	0	0	0	0	8	0	0	0	0	8	0	0		Wed 26 Sep 2018 07:40:49 AM UTC
scur	10	0	0	0	0	0	8	0	0	0	0	8	0	0		Wed 26 Sep 2018 07:41:19 AM UTC
scur	9	0	0	0	0	0	7	0	0	0	0	7	0	0		Wed 26 Sep 2018 07:41:49 AM UTC
scur	9	0	0	0	0	0	7	0	0	0	0	7	0	0		Wed 26 Sep 2018 07:42:19 AM UTC
scur	10	0	0	0	0	0	8	0	0	0	0	8	0	0		Wed 26 Sep 2018 07:42:50 AM UTC
scur	10	0	0	0	0	0	8	0	0	0	0	8	0	0		Wed 26 Sep 2018 07:43:20 AM UTC
scur	9	0	0	0	0	0	2	0	0	0	0	2	0	0		Wed 26 Sep 2018 07:43:50 AM UTC
scur	9	0	0	0	0	0	7	0	0	0	0	7	0	0		Wed 26 Sep 2018 07:44:20 AM UTC
scur	8	0	0	0	0	0	7	0	0	0	0	7	0	0		Wed 26 Sep 2018 07:44:50 AM UTC
scur	11	0	0	0	0	0	2	0	0	0	0	2	0	0		Wed 26 Sep 2018 07:45:20 AM UTC
scur	8	0	0	0	0	0	7	0	0	0	0	7	0	0		Wed 26 Sep 2018 07:45:51 AM UTC
scur	8	0	0	0	0	0	7	0	0	0	0	7	0	0		Wed 26 Sep 2018 07:46:21 AM UTC
scur	7	0	0	0	0	0	6	0	0	0	0	6	0	0		Wed 26 Sep 2018 07:46:51 AM UTC
scur	8	0	0	0	0	0	5	0	0	0	0	5	0	0		Wed 26 Sep 2018 07:47:21 AM UTC
scur	7	0	0	0	0	0	7	0	0	0	0	7	0	0		Wed 26 Sep 2018 07:47:51 AM UTC
scur	7	0	0	0	0	0	6	0	0	0	0	6	0	0		Wed 26 Sep 2018 07:48:21 AM UTC
scur	7	0	0	0	0	0	6	0	0	0	0	6	0	0		Wed 26 Sep 2018 07:48:52 AM UTC
scur	7	0	0	0	0	0	6	0	0	0	0	6	0	0		Wed 26 Sep 2018 07:49:22 AM UTC
scur	8	0	0	0	0	0	7	0	0	0	0	7	0	0		Wed 26 Sep 2018 07:49:52 AM UTC
scur	7	0	0	0	0	0	7	0	0	0	0	7	0	0		Wed 26 Sep 2018 07:50:22 AM UTC
scur	7	0	0	0	0	0	5	0	0	0	0	5	0	0		Wed 26 Sep 2018 07:50:52 AM UTC
scur	7	0	0	0	0	0	6	0	0	0	0	6	0	0		Wed 26 Sep 2018 07:51:22 AM UTC
scur	7	0	0	0	0	0	6	0	0	0	0	6	0	0		Wed 26 Sep 2018 07:51:52 AM UTC
scur	7	0	0	0	0	0	6	0	0	0	0	6	0	0		Wed 26 Sep 2018 07:52:23 AM UTC
scur	7	0	0	0	0	0	6	0	0	0	0	6	0	0		Wed 26 Sep 2018 07:52:53 AM UTC
scur	7	0	0	0	0	0	6	0	0	0	0	6	0	0		Wed 26 Sep 2018 07:53:23 AM UTC
scur	7	0	0	0	0	0	6	0	0	0	0	6	0	0		Wed 26 Sep 2018 07:53:53 AM UTC
scur	8	0	0	0	0	0	6	0	0	0	0	6	0	0		Wed 26 Sep 2018 07:54:23 AM UTC
scur	7	0	0	0	0	0	6	0	0	0	0	6	0	0		Wed 26 Sep 2018 07:54:53 AM UTC
scur	7	0	0	0	0	0	5	0	0	0	0	5	0	0		Wed 26 Sep 2018 07:55:24 AM UTC
scur	6	0	0	0	0	0	6	0	0	0	0	6	0	0		Wed 26 Sep 2018 07:55:54 AM UTC
scur	7	0	0	0	0	0	1	0	0	0	0	1	0	0		Wed 26 Sep 2018 07:56:24 AM UTC
scur	7	0	0	0	0	0	7	0	0	0	0	7	0	0		Wed 26 Sep 2018 07:56:54 AM UTC
scur	7	0	0	0	0	0	7	0	0	0	0	7	0	0		Wed 26 Sep 2018 07:57:24 AM UTC
scur	8	0	0	0	0	0	2	0	0	0	0	2	0	0		Wed 26 Sep 2018 07:57:54 AM UTC
scur	7	0	0	0	0	0	6	0	0	0	0	6	0	0		Wed 26 Sep 2018 07:58:25 AM UTC
scur	7	0	0	0	0	0	1	0	0	0	0	1	0	0		Wed 26 Sep 2018 07:58:55 AM UTC
scur	7	0	0	0	0	0	5	0	0	0	0	5	0	0		Wed 26 Sep 2018 07:59:25 AM UTC
scur	6	0	0	0	0	0	6	0	0	0	0	6	0	0		Wed 26 Sep 2018 07:59:55 AM UTC
scur	6	0	0	0	0	0	6	0	0	0	0	6	0	0		Wed 26 Sep 2018 08:00:25 AM UTC
scur	7	0	0	0	0	0	6	0	0	0	0	6	0	0		Wed 26 Sep 2018 08:00:55 AM UTC
scur	7	0	0	0	0	0	6	0	0	0	0	6	0	0		Wed 26 Sep 2018 08:01:25 AM UTC
scur	7	0	0	0	0	0	6	0	0	0	0	6	0	0		Wed 26 Sep 2018 08:01:56 AM UTC
scur	7	0	0	0	0	0	6	0	0	0	0	6	0	0		Wed 26 Sep 2018 08:02:26 AM UTC
scur	7	0	0	0	0	0	1	0	0	0	0	1	0	0		Wed 26 Sep 2018 08:02:56 AM UTC
scur	7	0	0	0	0	0	5	0	0	0	0	5	0	0		Wed 26 Sep 2018 08:03:26 AM UTC
scur	0	0	0	0	0	0	0	0	0	0	0	0	0	0		Wed 26 Sep 2018 08:03:56 AM UTC
scur	0	0	0	0	0	0	0	0	0	0	0	0	0	0		Wed 26 Sep 2018 08:04:26 AM UTC
scur	0	0	0	0	0	0	0	0	0	0	0	0	0	0		Wed 26 Sep 2018 08:04:57 AM UTC
