ttime		0	0	0	0	0	0	0	0	0	0	0		0		Wed 26 Sep 2018 12:59:37 AM UTC
ttime		0	0	1	0	0	0	0	0	0	0	1		0		Wed 26 Sep 2018 01:00:07 AM UTC
ttime		0	0	1	0	0	0	0	0	0	0	1		0		Wed 26 Sep 2018 01:00:37 AM UTC
ttime		0	0	1	0	0	0	0	0	0	0	1		0		Wed 26 Sep 2018 01:01:07 AM UTC
ttime		0	0	1	0	0	0	0	0	0	0	1		0		Wed 26 Sep 2018 01:01:38 AM UTC
ttime		0	0	1	0	0	0	0	0	0	0	1		0		Wed 26 Sep 2018 01:02:08 AM UTC
ttime		0	0	1	0	0	0	0	0	0	0	1		0		Wed 26 Sep 2018 01:02:38 AM UTC
ttime		0	0	1	0	0	0	0	0	0	0	1		0		Wed 26 Sep 2018 01:03:08 AM UTC
ttime		0	0	1	0	0	0	0	0	0	0	1		0		Wed 26 Sep 2018 01:03:38 AM UTC
ttime		0	0	1	0	0	0	0	0	0	0	1		0		Wed 26 Sep 2018 01:04:08 AM UTC
ttime		0	0	1	0	0	0	0	0	0	0	1		0		Wed 26 Sep 2018 01:04:39 AM UTC
ttime		0	0	1	0	0	0	0	0	0	0	1		0		Wed 26 Sep 2018 01:05:09 AM UTC
ttime		0	0	1	0	0	0	0	0	0	0	1		0		Wed 26 Sep 2018 01:05:39 AM UTC
ttime		0	0	1	0	0	0	0	0	0	0	1		0		Wed 26 Sep 2018 01:06:09 AM UTC
ttime		0	0	1	0	0	0	0	0	0	0	1		0		Wed 26 Sep 2018 01:06:39 AM UTC
ttime		0	0	1	0	0	0	0	0	0	0	1		0		Wed 26 Sep 2018 01:07:09 AM UTC
ttime		0	0	1	0	0	0	0	0	0	0	1		0		Wed 26 Sep 2018 01:07:40 AM UTC
ttime		0	0	1	0	0	0	0	0	0	0	1		0		Wed 26 Sep 2018 01:08:10 AM UTC
ttime		0	0	1	0	0	0	0	0	0	0	1		0		Wed 26 Sep 2018 01:08:40 AM UTC
ttime		0	0	1	0	0	0	0	0	0	0	1		0		Wed 26 Sep 2018 01:09:10 AM UTC
ttime		0	0	1	0	0	0	0	0	0	0	1		0		Wed 26 Sep 2018 01:09:40 AM UTC
ttime		0	0	1	0	0	0	0	0	0	0	1		0		Wed 26 Sep 2018 01:10:10 AM UTC
ttime		0	0	1	0	0	0	0	0	0	0	1		0		Wed 26 Sep 2018 01:10:40 AM UTC
ttime		0	0	1	0	0	0	0	0	0	0	1		0		Wed 26 Sep 2018 01:11:11 AM UTC
ttime		0	0	1	0	0	0	0	0	0	0	1		0		Wed 26 Sep 2018 01:11:41 AM UTC
ttime		0	0	1	0	0	0	0	0	0	0	1		0		Wed 26 Sep 2018 01:12:11 AM UTC
ttime		0	0	1	0	0	0	0	0	0	0	1		0		Wed 26 Sep 2018 01:12:41 AM UTC
ttime		0	0	1	0	0	0	0	0	0	0	1		0		Wed 26 Sep 2018 01:13:11 AM UTC
ttime		0	0	1	0	0	0	0	0	0	0	1		0		Wed 26 Sep 2018 01:13:41 AM UTC
ttime		0	0	1	0	0	0	0	0	0	0	1		0		Wed 26 Sep 2018 01:14:12 AM UTC
ttime		0	0	1	0	0	0	0	0	0	0	1		0		Wed 26 Sep 2018 01:14:42 AM UTC
ttime		0	0	1	0	0	0	0	0	0	0	1		0		Wed 26 Sep 2018 01:15:12 AM UTC
ttime		0	0	1	0	0	0	0	0	0	0	1		0		Wed 26 Sep 2018 01:15:42 AM UTC
ttime		0	0	1	0	0	0	0	0	0	0	1		0		Wed 26 Sep 2018 01:16:12 AM UTC
ttime		0	0	1	0	0	0	0	0	0	0	1		0		Wed 26 Sep 2018 01:16:42 AM UTC
ttime		0	0	1	0	0	0	0	0	0	0	1		0		Wed 26 Sep 2018 01:17:12 AM UTC
ttime		0	0	1	0	0	0	0	0	0	0	1		0		Wed 26 Sep 2018 01:17:43 AM UTC
ttime		0	0	1	0	0	0	0	0	0	0	1		0		Wed 26 Sep 2018 01:18:13 AM UTC
ttime		0	0	1	0	0	0	0	0	0	0	1		0		Wed 26 Sep 2018 01:18:43 AM UTC
ttime		0	0	1	0	0	0	0	0	0	0	1		0		Wed 26 Sep 2018 01:19:13 AM UTC
ttime		0	0	1	0	0	0	0	0	0	0	1		0		Wed 26 Sep 2018 01:19:43 AM UTC
ttime		0	0	1	0	0	0	0	0	0	0	1		0		Wed 26 Sep 2018 01:20:13 AM UTC
ttime		0	0	1	0	0	0	0	0	0	0	1		0		Wed 26 Sep 2018 01:20:44 AM UTC
ttime		0	0	1	0	0	0	0	0	0	0	1		0		Wed 26 Sep 2018 01:21:14 AM UTC
ttime		0	0	1	0	0	0	0	0	0	0	1		0		Wed 26 Sep 2018 01:21:44 AM UTC
ttime		0	0	1	0	0	0	0	0	0	0	1		0		Wed 26 Sep 2018 01:22:14 AM UTC
ttime		0	0	1	0	0	0	0	0	0	0	1		0		Wed 26 Sep 2018 01:22:44 AM UTC
ttime		0	0	1	0	0	0	0	0	0	0	1		0		Wed 26 Sep 2018 01:23:14 AM UTC
ttime		0	0	1	0	0	0	0	0	0	0	1		0		Wed 26 Sep 2018 01:23:45 AM UTC
ttime		0	0	1	0	0	0	0	0	0	0	1		0		Wed 26 Sep 2018 01:24:15 AM UTC
ttime		0	0	1	0	0	0	0	0	0	0	1		0		Wed 26 Sep 2018 01:24:45 AM UTC
ttime		0	0	1	0	0	0	0	0	0	0	1		0		Wed 26 Sep 2018 01:25:15 AM UTC
ttime		0	0	1	0	0	0	0	0	0	0	1		0		Wed 26 Sep 2018 01:25:45 AM UTC
ttime		0	0	1	0	0	0	0	0	0	0	1		0		Wed 26 Sep 2018 01:26:15 AM UTC
ttime		0	0	1	0	0	0	0	0	0	0	1		0		Wed 26 Sep 2018 01:26:46 AM UTC
ttime		0	0	1	0	0	0	0	0	0	0	1		0		Wed 26 Sep 2018 01:27:16 AM UTC
ttime		0	0	1	0	0	0	0	0	0	0	1		0		Wed 26 Sep 2018 01:27:46 AM UTC
ttime		0	0	1	0	0	0	0	0	0	0	1		0		Wed 26 Sep 2018 01:28:16 AM UTC
ttime		0	0	1	0	0	0	0	0	0	0	1		0		Wed 26 Sep 2018 01:28:46 AM UTC
ttime		0	0	1	0	0	0	0	0	0	0	1		0		Wed 26 Sep 2018 01:29:16 AM UTC
ttime		0	0	1	0	0	0	0	0	0	0	1		0		Wed 26 Sep 2018 01:29:47 AM UTC
ttime		0	0	1	0	0	0	0	0	0	0	1		0		Wed 26 Sep 2018 01:30:17 AM UTC
ttime		0	0	1	0	0	0	0	0	0	0	1		0		Wed 26 Sep 2018 01:30:47 AM UTC
ttime		0	0	1	0	0	0	0	0	0	0	1		0		Wed 26 Sep 2018 01:31:17 AM UTC
ttime		0	0	1	0	0	0	0	0	0	0	1		0		Wed 26 Sep 2018 01:31:47 AM UTC
ttime		0	0	1	0	0	0	0	0	0	0	1		0		Wed 26 Sep 2018 01:32:17 AM UTC
ttime		0	0	1	0	0	0	0	0	0	0	1		0		Wed 26 Sep 2018 01:32:48 AM UTC
ttime		0	0	1	0	0	0	0	0	0	0	1		0		Wed 26 Sep 2018 01:33:18 AM UTC
ttime		0	0	1	0	0	0	0	0	0	0	1		0		Wed 26 Sep 2018 01:33:48 AM UTC
ttime		0	0	1	0	0	0	0	0	0	0	1		0		Wed 26 Sep 2018 01:34:18 AM UTC
ttime		0	0	1	0	0	0	0	0	0	0	1		0		Wed 26 Sep 2018 01:34:48 AM UTC
ttime		0	0	1	0	0	0	0	0	0	0	1		0		Wed 26 Sep 2018 01:35:18 AM UTC
ttime		0	0	1	0	0	0	0	0	0	0	1		0		Wed 26 Sep 2018 01:35:49 AM UTC
ttime		0	0	1	0	0	0	0	0	0	0	1		0		Wed 26 Sep 2018 01:36:19 AM UTC
ttime		0	0	1	0	0	0	0	0	0	0	1		0		Wed 26 Sep 2018 01:36:49 AM UTC
ttime		0	0	1	0	0	0	0	0	0	0	1		0		Wed 26 Sep 2018 01:37:19 AM UTC
ttime		0	0	2	0	0	0	0	0	0	0	2		0		Wed 26 Sep 2018 01:37:49 AM UTC
ttime		0	0	1	0	0	0	0	0	0	0	1		0		Wed 26 Sep 2018 01:38:19 AM UTC
ttime		0	0	1	0	0	0	0	0	0	0	1		0		Wed 26 Sep 2018 01:38:50 AM UTC
ttime		0	0	1	0	0	0	0	0	0	0	1		0		Wed 26 Sep 2018 01:39:20 AM UTC
ttime		0	0	1	0	0	0	0	0	0	0	1		0		Wed 26 Sep 2018 01:39:50 AM UTC
ttime		0	0	1	1	0	0	0	0	0	0	1		0		Wed 26 Sep 2018 01:40:20 AM UTC
ttime		0	0	1	1	0	0	0	0	0	0	1		0		Wed 26 Sep 2018 01:40:50 AM UTC
ttime		0	0	1	1	0	0	0	0	0	0	1		0		Wed 26 Sep 2018 01:41:20 AM UTC
ttime		0	0	1	1	0	0	0	0	0	0	1		0		Wed 26 Sep 2018 01:41:51 AM UTC
ttime		0	0	1	1	0	0	0	0	0	0	1		0		Wed 26 Sep 2018 01:42:21 AM UTC
ttime		0	0	1	1	0	0	0	0	0	0	1		0		Wed 26 Sep 2018 01:42:51 AM UTC
ttime		0	0	1	1	0	0	0	0	0	0	1		0		Wed 26 Sep 2018 01:43:21 AM UTC
ttime		0	0	1	1	0	0	0	0	0	0	1		0		Wed 26 Sep 2018 01:43:51 AM UTC
ttime		0	0	1	1	0	0	0	0	0	0	1		0		Wed 26 Sep 2018 01:44:21 AM UTC
ttime		0	0	1	1	0	0	0	0	0	0	1		0		Wed 26 Sep 2018 01:44:51 AM UTC
ttime		0	0	1	1	0	0	0	0	0	0	1		0		Wed 26 Sep 2018 01:45:22 AM UTC
ttime		0	0	1	1	0	0	0	0	0	0	1		0		Wed 26 Sep 2018 01:45:52 AM UTC
ttime		0	0	1	1	0	0	0	0	0	0	1		0		Wed 26 Sep 2018 01:46:22 AM UTC
ttime		0	0	1	1	0	0	0	0	0	0	1		0		Wed 26 Sep 2018 01:46:52 AM UTC
ttime		0	0	1	1	0	0	0	0	0	0	1		0		Wed 26 Sep 2018 01:47:22 AM UTC
ttime		0	0	1	1	0	0	0	0	0	0	1		0		Wed 26 Sep 2018 01:47:52 AM UTC
ttime		0	0	1	1	0	0	0	0	0	0	1		0		Wed 26 Sep 2018 01:48:23 AM UTC
ttime		0	0	1	1	0	0	0	0	0	0	1		0		Wed 26 Sep 2018 01:48:53 AM UTC
ttime		0	0	1	1	0	0	0	0	0	0	1		0		Wed 26 Sep 2018 01:49:23 AM UTC
ttime		0	0	1	1	0	0	0	0	0	0	1		0		Wed 26 Sep 2018 01:49:53 AM UTC
ttime		0	0	1	1	0	0	0	0	0	0	1		0		Wed 26 Sep 2018 01:50:23 AM UTC
ttime		0	0	1	1	0	0	0	0	0	0	1		0		Wed 26 Sep 2018 01:50:53 AM UTC
ttime		0	0	1	1	0	0	0	0	0	0	1		0		Wed 26 Sep 2018 01:51:24 AM UTC
ttime		0	0	1	1	0	0	0	0	0	0	1		0		Wed 26 Sep 2018 01:51:54 AM UTC
ttime		0	0	1	1	0	0	0	0	0	0	1		0		Wed 26 Sep 2018 01:52:24 AM UTC
ttime		0	0	1	1	0	0	0	0	0	0	1		0		Wed 26 Sep 2018 01:52:54 AM UTC
ttime		0	0	1	1	0	0	0	0	0	0	1		0		Wed 26 Sep 2018 01:53:24 AM UTC
ttime		0	0	1	1	0	0	0	0	0	0	1		0		Wed 26 Sep 2018 01:53:54 AM UTC
ttime		0	0	1	1	0	0	0	0	0	0	1		0		Wed 26 Sep 2018 01:54:25 AM UTC
ttime		0	0	1	1	0	0	0	0	0	0	1		0		Wed 26 Sep 2018 01:54:55 AM UTC
ttime		0	0	1	1	0	0	0	0	0	0	1		0		Wed 26 Sep 2018 01:55:25 AM UTC
ttime		0	0	1	1	0	0	0	0	0	0	1		0		Wed 26 Sep 2018 01:55:55 AM UTC
ttime		0	0	1	1	0	0	0	0	0	0	1		0		Wed 26 Sep 2018 01:56:25 AM UTC
ttime		0	0	1	1	0	0	0	0	0	0	1		0		Wed 26 Sep 2018 01:56:55 AM UTC
ttime		0	0	1	1	0	0	0	0	0	0	1		0		Wed 26 Sep 2018 01:57:26 AM UTC
ttime		0	0	1	1	0	0	0	0	0	0	1		0		Wed 26 Sep 2018 01:57:56 AM UTC
ttime		0	0	1	1	0	0	0	0	0	0	1		0		Wed 26 Sep 2018 01:58:26 AM UTC
ttime		0	0	1	1	0	0	0	0	0	0	1		0		Wed 26 Sep 2018 01:58:56 AM UTC
ttime		0	0	1	1	0	0	0	0	0	0	1		0		Wed 26 Sep 2018 01:59:26 AM UTC
ttime		0	0	1	1	0	0	0	0	0	0	1		0		Wed 26 Sep 2018 01:59:56 AM UTC
ttime		0	0	1	1	0	0	0	0	0	0	1		0		Wed 26 Sep 2018 02:00:27 AM UTC
ttime		0	0	1	1	0	0	0	0	0	0	1		0		Wed 26 Sep 2018 02:00:57 AM UTC
ttime		0	0	1	1	0	0	0	0	0	0	1		0		Wed 26 Sep 2018 02:01:27 AM UTC
ttime		0	0	1	1	0	0	0	0	0	0	1		0		Wed 26 Sep 2018 02:01:57 AM UTC
ttime		0	0	1	1	0	0	0	0	0	0	1		0		Wed 26 Sep 2018 02:02:27 AM UTC
ttime		0	0	1	1	0	0	0	0	0	0	1		0		Wed 26 Sep 2018 02:02:57 AM UTC
ttime		0	0	1	1	0	0	0	0	0	0	1		0		Wed 26 Sep 2018 02:03:28 AM UTC
ttime		0	0	1	1	0	0	0	0	0	0	1		0		Wed 26 Sep 2018 02:03:58 AM UTC
ttime		0	0	1	1	0	0	0	0	0	0	1		0		Wed 26 Sep 2018 02:04:28 AM UTC
ttime		0	0	1	1	0	0	0	0	0	0	1		0		Wed 26 Sep 2018 02:04:58 AM UTC
ttime		0	0	1	1	0	0	0	0	0	0	1		0		Wed 26 Sep 2018 02:05:28 AM UTC
ttime		0	0	1	1	0	0	0	0	0	0	1		0		Wed 26 Sep 2018 02:05:58 AM UTC
ttime		0	0	1	1	0	0	0	0	0	0	1		0		Wed 26 Sep 2018 02:06:29 AM UTC
ttime		0	0	1	1	0	0	0	0	0	0	1		0		Wed 26 Sep 2018 02:06:59 AM UTC
ttime		0	0	1	1	0	0	0	0	0	0	2		0		Wed 26 Sep 2018 02:07:29 AM UTC
ttime		0	0	1	1	0	0	0	0	0	0	1		0		Wed 26 Sep 2018 02:07:59 AM UTC
ttime		0	0	1	1	0	0	0	0	0	0	1		0		Wed 26 Sep 2018 02:08:29 AM UTC
ttime		0	0	1	1	0	0	0	0	0	0	1		0		Wed 26 Sep 2018 02:09:00 AM UTC
ttime		0	0	1	1	0	0	0	0	0	0	1		0		Wed 26 Sep 2018 02:09:30 AM UTC
ttime		0	0	1	1	0	0	0	0	0	0	1		0		Wed 26 Sep 2018 02:10:00 AM UTC
ttime		0	0	1	1	0	0	0	0	0	0	2		0		Wed 26 Sep 2018 02:10:30 AM UTC
ttime		0	0	1	1	0	0	0	0	0	0	2		0		Wed 26 Sep 2018 02:11:00 AM UTC
ttime		0	0	1	1	0	0	0	0	0	0	2		0		Wed 26 Sep 2018 02:11:30 AM UTC
ttime		0	0	1	1	0	0	0	0	0	0	1		0		Wed 26 Sep 2018 02:12:01 AM UTC
ttime		0	0	1	1	0	0	0	0	0	0	2		0		Wed 26 Sep 2018 02:12:31 AM UTC
ttime		0	0	1	1	0	0	0	0	0	0	1		0		Wed 26 Sep 2018 02:13:01 AM UTC
ttime		0	0	1	1	0	0	0	0	0	0	1		0		Wed 26 Sep 2018 02:13:31 AM UTC
ttime		0	0	1	1	0	0	0	0	0	0	1		0		Wed 26 Sep 2018 02:14:01 AM UTC
ttime		0	0	1	1	0	0	0	0	0	0	2		0		Wed 26 Sep 2018 02:14:31 AM UTC
ttime		0	0	1	1	0	0	0	0	0	0	2		0		Wed 26 Sep 2018 02:15:02 AM UTC
ttime		0	0	1	1	0	0	0	0	0	0	2		0		Wed 26 Sep 2018 02:15:32 AM UTC
ttime		0	0	1	1	0	0	0	0	0	0	2		0		Wed 26 Sep 2018 02:16:02 AM UTC
ttime		0	0	1	1	0	0	0	0	0	0	1		0		Wed 26 Sep 2018 02:16:32 AM UTC
ttime		0	0	1	1	0	0	0	0	0	0	1		0		Wed 26 Sep 2018 02:17:02 AM UTC
ttime		0	0	1	1	0	0	0	0	0	0	2		0		Wed 26 Sep 2018 02:17:33 AM UTC
ttime		0	0	1	1	0	0	0	0	0	0	2		0		Wed 26 Sep 2018 02:18:03 AM UTC
ttime		0	0	1	1	0	0	0	0	0	0	2		0		Wed 26 Sep 2018 02:18:33 AM UTC
ttime		0	0	1	1	0	0	0	0	0	0	2		0		Wed 26 Sep 2018 02:19:03 AM UTC
ttime		0	0	1	1	0	0	0	0	0	0	2		0		Wed 26 Sep 2018 02:19:33 AM UTC
ttime		0	0	1	1	0	0	0	0	0	0	2		0		Wed 26 Sep 2018 02:20:03 AM UTC
ttime		0	0	1	1	0	0	0	0	0	0	2		0		Wed 26 Sep 2018 02:20:34 AM UTC
ttime		0	0	1	1	0	0	0	0	0	0	2		0		Wed 26 Sep 2018 02:21:04 AM UTC
ttime		0	0	1	1	0	0	0	0	0	0	2		0		Wed 26 Sep 2018 02:21:34 AM UTC
ttime		0	0	1	1	0	0	0	0	0	0	2		0		Wed 26 Sep 2018 02:22:04 AM UTC
ttime		0	0	1	1	0	0	0	0	0	0	2		0		Wed 26 Sep 2018 02:22:34 AM UTC
ttime		0	0	1	1	0	0	0	0	0	0	2		0		Wed 26 Sep 2018 02:23:05 AM UTC
ttime		0	0	1	1	0	0	0	0	0	0	2		0		Wed 26 Sep 2018 02:23:35 AM UTC
ttime		0	0	1	1	0	0	0	0	0	0	2		0		Wed 26 Sep 2018 02:24:05 AM UTC
ttime		0	0	1	1	0	0	0	0	0	0	2		0		Wed 26 Sep 2018 02:24:35 AM UTC
ttime		0	0	1	1	0	0	0	0	0	0	2		0		Wed 26 Sep 2018 02:25:05 AM UTC
ttime		0	0	1	1	0	0	0	0	0	0	2		0		Wed 26 Sep 2018 02:25:35 AM UTC
ttime		0	0	1	1	0	0	0	0	0	0	2		0		Wed 26 Sep 2018 02:26:06 AM UTC
ttime		0	0	1	1	0	0	0	0	0	0	2		0		Wed 26 Sep 2018 02:26:36 AM UTC
ttime		0	0	1	2	0	0	0	0	0	0	2		0		Wed 26 Sep 2018 02:27:06 AM UTC
ttime		0	0	1	1	0	0	0	0	0	0	2		0		Wed 26 Sep 2018 02:27:36 AM UTC
ttime		0	0	1	1	0	0	0	0	0	0	2		0		Wed 26 Sep 2018 02:28:06 AM UTC
ttime		0	0	1	1	0	0	0	0	0	0	2		0		Wed 26 Sep 2018 02:28:36 AM UTC
ttime		0	0	1	1	0	0	0	0	0	0	2		0		Wed 26 Sep 2018 02:29:07 AM UTC
ttime		0	0	1	1	0	0	0	0	0	0	2		0		Wed 26 Sep 2018 02:29:37 AM UTC
ttime		0	0	1	1	0	0	0	0	0	0	2		0		Wed 26 Sep 2018 02:30:07 AM UTC
ttime		0	0	1	1	0	0	0	0	0	0	1		0		Wed 26 Sep 2018 02:30:37 AM UTC
ttime		0	0	1	1	0	0	0	0	0	0	2		0		Wed 26 Sep 2018 02:31:07 AM UTC
ttime		0	0	1	1	0	0	0	0	0	0	2		0		Wed 26 Sep 2018 02:31:38 AM UTC
ttime		0	0	1	1	0	0	0	0	0	0	2		0		Wed 26 Sep 2018 02:32:08 AM UTC
ttime		0	0	1	1	0	0	0	0	0	0	2		0		Wed 26 Sep 2018 02:32:38 AM UTC
ttime		0	0	1	1	0	0	0	0	0	0	2		0		Wed 26 Sep 2018 02:33:08 AM UTC
ttime		0	0	1	1	0	0	0	0	0	0	2		0		Wed 26 Sep 2018 02:33:38 AM UTC
ttime		0	0	1	1	0	0	0	0	0	0	2		0		Wed 26 Sep 2018 02:34:08 AM UTC
ttime		0	0	1	1	0	0	0	0	0	0	2		0		Wed 26 Sep 2018 02:34:39 AM UTC
ttime		0	0	1	1	0	0	0	0	0	0	2		0		Wed 26 Sep 2018 02:35:09 AM UTC
ttime		0	0	1	1	0	0	0	0	0	0	2		0		Wed 26 Sep 2018 02:35:39 AM UTC
ttime		0	0	1	1	0	0	0	0	0	0	2		0		Wed 26 Sep 2018 02:36:09 AM UTC
ttime		0	0	1	1	0	0	0	0	0	0	2		0		Wed 26 Sep 2018 02:36:39 AM UTC
ttime		0	0	1	1	0	0	0	0	0	0	2		0		Wed 26 Sep 2018 02:37:10 AM UTC
ttime		0	0	1	1	0	0	0	0	0	0	2		0		Wed 26 Sep 2018 02:37:40 AM UTC
ttime		0	0	2	2	0	0	0	0	0	0	2		0		Wed 26 Sep 2018 02:38:10 AM UTC
ttime		0	0	1	1	0	0	0	0	0	0	2		0		Wed 26 Sep 2018 02:38:40 AM UTC
ttime		0	0	1	1	0	0	0	0	0	0	2		0		Wed 26 Sep 2018 02:39:10 AM UTC
ttime		0	0	2	2	0	0	0	0	0	0	2		0		Wed 26 Sep 2018 02:39:40 AM UTC
ttime		0	0	2	2	0	0	0	0	0	0	2		0		Wed 26 Sep 2018 02:40:11 AM UTC
ttime		1	0	1	1	0	0	0	0	0	0	2		0		Wed 26 Sep 2018 02:40:41 AM UTC
ttime		1	0	1	1	0	0	0	0	0	0	2		0		Wed 26 Sep 2018 02:41:11 AM UTC
ttime		1	0	1	1	0	0	0	0	0	0	2		0		Wed 26 Sep 2018 02:41:41 AM UTC
ttime		1	0	1	1	0	0	0	0	0	0	2		0		Wed 26 Sep 2018 02:42:11 AM UTC
ttime		1	0	1	1	0	0	0	0	0	0	2		0		Wed 26 Sep 2018 02:42:42 AM UTC
ttime		1	0	1	1	0	0	0	0	0	0	2		0		Wed 26 Sep 2018 02:43:12 AM UTC
ttime		1	0	1	1	0	0	0	0	0	0	2		0		Wed 26 Sep 2018 02:43:42 AM UTC
ttime		1	0	1	1	0	0	0	0	0	0	2		0		Wed 26 Sep 2018 02:44:12 AM UTC
ttime		1	0	1	1	0	0	0	0	0	0	2		0		Wed 26 Sep 2018 02:44:42 AM UTC
ttime		1	0	1	1	0	0	0	0	0	0	2		0		Wed 26 Sep 2018 02:45:13 AM UTC
ttime		1	0	1	1	0	0	0	0	0	0	2		0		Wed 26 Sep 2018 02:45:43 AM UTC
ttime		1	0	1	1	0	0	0	0	0	0	2		0		Wed 26 Sep 2018 02:46:13 AM UTC
ttime		1	0	1	1	0	0	0	0	0	0	2		0		Wed 26 Sep 2018 02:46:43 AM UTC
ttime		1	0	1	1	0	0	0	0	0	0	2		0		Wed 26 Sep 2018 02:47:13 AM UTC
ttime		1	0	1	1	0	0	0	0	0	0	2		0		Wed 26 Sep 2018 02:47:43 AM UTC
ttime		1	0	1	1	0	0	0	0	0	0	2		0		Wed 26 Sep 2018 02:48:14 AM UTC
ttime		1	0	1	1	0	0	0	0	0	0	2		0		Wed 26 Sep 2018 02:48:44 AM UTC
ttime		1	0	1	1	0	0	0	0	0	0	2		0		Wed 26 Sep 2018 02:49:14 AM UTC
ttime		1	0	1	1	0	0	0	0	0	0	2		0		Wed 26 Sep 2018 02:49:44 AM UTC
ttime		1	0	1	1	0	0	0	0	0	0	2		0		Wed 26 Sep 2018 02:50:14 AM UTC
ttime		1	0	1	1	0	0	0	0	0	0	3		0		Wed 26 Sep 2018 02:50:45 AM UTC
ttime		1	0	1	1	0	0	0	0	0	0	2		0		Wed 26 Sep 2018 02:51:15 AM UTC
ttime		1	0	1	1	0	0	0	0	0	0	2		0		Wed 26 Sep 2018 02:51:45 AM UTC
ttime		1	0	1	1	0	0	0	0	0	0	3		0		Wed 26 Sep 2018 02:52:15 AM UTC
ttime		1	0	1	1	0	0	0	0	0	0	3		0		Wed 26 Sep 2018 02:52:45 AM UTC
ttime		1	0	1	1	0	0	0	0	0	0	2		0		Wed 26 Sep 2018 02:53:16 AM UTC
ttime		1	0	1	1	0	0	0	0	0	0	3		0		Wed 26 Sep 2018 02:53:46 AM UTC
ttime		1	0	1	1	0	0	0	0	0	0	3		0		Wed 26 Sep 2018 02:54:16 AM UTC
ttime		1	0	1	1	0	0	0	0	0	0	2		0		Wed 26 Sep 2018 02:54:46 AM UTC
ttime		1	0	1	1	0	0	0	0	0	0	3		0		Wed 26 Sep 2018 02:55:16 AM UTC
ttime		2	0	1	1	0	0	0	0	0	0	3		0		Wed 26 Sep 2018 02:55:47 AM UTC
ttime		2	0	1	1	0	0	0	0	0	0	3		0		Wed 26 Sep 2018 02:56:17 AM UTC
ttime		1	0	1	1	0	0	0	0	0	0	3		0		Wed 26 Sep 2018 02:56:47 AM UTC
ttime		2	0	2	1	0	0	0	0	0	0	3		0		Wed 26 Sep 2018 02:57:17 AM UTC
ttime		2	0	2	1	0	0	0	0	0	0	3		0		Wed 26 Sep 2018 02:57:47 AM UTC
ttime		2	0	1	1	0	0	0	0	0	0	3		0		Wed 26 Sep 2018 02:58:17 AM UTC
ttime		1	0	1	1	0	0	0	0	0	0	2		0		Wed 26 Sep 2018 02:58:48 AM UTC
ttime		1	0	1	1	0	0	0	0	0	0	3		0		Wed 26 Sep 2018 02:59:18 AM UTC
ttime		2	0	1	1	0	0	0	0	0	0	3		0		Wed 26 Sep 2018 02:59:48 AM UTC
ttime		2	0	2	1	0	0	0	0	0	0	3		0		Wed 26 Sep 2018 03:00:18 AM UTC
ttime		2	0	2	1	0	0	0	0	0	0	3		0		Wed 26 Sep 2018 03:00:48 AM UTC
ttime		2	0	2	2	0	0	0	0	0	0	3		0		Wed 26 Sep 2018 03:01:19 AM UTC
ttime		1	0	1	1	0	0	0	0	0	0	3		0		Wed 26 Sep 2018 03:01:49 AM UTC
ttime		2	0	2	1	0	0	0	0	0	0	3		0		Wed 26 Sep 2018 03:02:19 AM UTC
ttime		2	0	2	2	0	0	0	0	0	0	3		0		Wed 26 Sep 2018 03:02:49 AM UTC
ttime		2	0	2	2	0	0	0	0	0	0	3		0		Wed 26 Sep 2018 03:03:19 AM UTC
ttime		2	0	2	2	0	0	0	0	0	0	3		0		Wed 26 Sep 2018 03:03:50 AM UTC
ttime		2	0	1	1	0	0	0	0	0	0	3		0		Wed 26 Sep 2018 03:04:20 AM UTC
ttime		1	1	1	1	0	0	0	0	0	0	3		0		Wed 26 Sep 2018 03:04:50 AM UTC
ttime		1	1	1	1	0	0	0	0	0	0	3		0		Wed 26 Sep 2018 03:05:20 AM UTC
ttime		1	1	1	1	0	0	0	0	0	0	3		0		Wed 26 Sep 2018 03:05:50 AM UTC
ttime		1	1	1	1	0	0	0	0	0	0	3		0		Wed 26 Sep 2018 03:06:21 AM UTC
ttime		1	1	1	1	0	0	0	0	0	0	3		0		Wed 26 Sep 2018 03:06:51 AM UTC
ttime		1	1	1	1	0	0	0	0	0	0	3		0		Wed 26 Sep 2018 03:07:21 AM UTC
ttime		1	1	1	1	0	0	0	0	0	0	3		0		Wed 26 Sep 2018 03:07:51 AM UTC
ttime		1	1	1	1	0	0	0	0	0	0	3		0		Wed 26 Sep 2018 03:08:21 AM UTC
ttime		1	1	1	1	0	0	0	0	0	0	3		0		Wed 26 Sep 2018 03:08:52 AM UTC
ttime		1	1	1	1	0	0	0	0	0	0	3		0		Wed 26 Sep 2018 03:09:22 AM UTC
ttime		1	1	1	1	0	0	0	0	0	0	3		0		Wed 26 Sep 2018 03:09:52 AM UTC
ttime		1	1	1	1	0	0	0	0	0	0	3		0		Wed 26 Sep 2018 03:10:22 AM UTC
ttime		1	1	1	1	0	0	0	0	0	0	3		0		Wed 26 Sep 2018 03:10:52 AM UTC
ttime		1	1	1	1	0	0	0	0	0	0	3		0		Wed 26 Sep 2018 03:11:23 AM UTC
ttime		2	1	1	1	0	0	0	0	0	0	3		0		Wed 26 Sep 2018 03:11:53 AM UTC
ttime		1	1	1	1	0	0	0	0	0	0	3		0		Wed 26 Sep 2018 03:12:23 AM UTC
ttime		1	1	1	1	0	0	0	0	0	0	3		0		Wed 26 Sep 2018 03:12:53 AM UTC
ttime		2	2	2	2	0	0	0	0	0	0	4		0		Wed 26 Sep 2018 03:13:23 AM UTC
ttime		2	2	2	2	0	0	0	0	0	0	4		0		Wed 26 Sep 2018 03:13:54 AM UTC
ttime		2	2	2	2	0	0	0	0	0	0	4		0		Wed 26 Sep 2018 03:14:24 AM UTC
ttime		1	1	1	1	0	0	0	0	0	0	3		0		Wed 26 Sep 2018 03:14:54 AM UTC
ttime		1	1	1	1	0	0	0	0	0	0	3		0		Wed 26 Sep 2018 03:15:24 AM UTC
ttime		1	1	1	1	0	0	0	0	0	0	3		0		Wed 26 Sep 2018 03:15:55 AM UTC
ttime		1	1	1	1	0	0	0	0	0	0	3		0		Wed 26 Sep 2018 03:16:25 AM UTC
ttime		2	2	2	2	0	0	0	0	0	0	4		0		Wed 26 Sep 2018 03:16:55 AM UTC
ttime		2	1	1	1	0	0	0	0	0	0	3		0		Wed 26 Sep 2018 03:17:25 AM UTC
ttime		2	2	2	1	0	0	0	0	0	0	3		0		Wed 26 Sep 2018 03:17:55 AM UTC
ttime		2	1	1	1	0	0	0	0	0	0	3		0		Wed 26 Sep 2018 03:18:26 AM UTC
ttime		2	1	1	1	0	0	0	0	0	0	3		0		Wed 26 Sep 2018 03:18:56 AM UTC
ttime		2	2	2	2	0	0	0	0	0	0	4		0		Wed 26 Sep 2018 03:19:26 AM UTC
ttime		2	2	2	2	0	0	0	0	0	0	4		0		Wed 26 Sep 2018 03:19:56 AM UTC
ttime		2	2	2	2	0	0	0	0	0	0	4		0		Wed 26 Sep 2018 03:20:27 AM UTC
ttime		2	2	2	2	0	0	0	0	0	0	4		0		Wed 26 Sep 2018 03:20:57 AM UTC
ttime		2	2	2	2	0	0	0	0	0	0	4		0		Wed 26 Sep 2018 03:21:27 AM UTC
ttime		2	2	2	2	0	0	0	0	0	0	3		0		Wed 26 Sep 2018 03:21:57 AM UTC
ttime		2	2	2	2	0	0	0	0	0	0	4		0		Wed 26 Sep 2018 03:22:27 AM UTC
ttime		2	2	2	2	0	0	0	0	0	0	4		0		Wed 26 Sep 2018 03:22:58 AM UTC
ttime		2	2	2	2	0	0	0	0	0	0	4		0		Wed 26 Sep 2018 03:23:28 AM UTC
ttime		2	2	2	2	0	0	0	0	0	0	4		0		Wed 26 Sep 2018 03:23:58 AM UTC
ttime		2	2	2	2	0	0	0	0	0	0	4		0		Wed 26 Sep 2018 03:24:28 AM UTC
ttime		2	2	2	2	0	0	0	0	0	0	4		0		Wed 26 Sep 2018 03:24:58 AM UTC
ttime		2	2	2	2	0	0	0	0	0	0	4		0		Wed 26 Sep 2018 03:25:29 AM UTC
ttime		2	2	2	2	0	0	0	0	0	0	4		0		Wed 26 Sep 2018 03:25:59 AM UTC
ttime		2	2	2	2	0	0	0	0	0	0	4		0		Wed 26 Sep 2018 03:26:29 AM UTC
ttime		2	2	2	2	0	0	0	0	0	0	4		0		Wed 26 Sep 2018 03:26:59 AM UTC
ttime		2	2	2	2	0	0	0	0	0	0	5		0		Wed 26 Sep 2018 03:27:29 AM UTC
ttime		2	2	2	2	0	0	0	0	0	0	4		0		Wed 26 Sep 2018 03:28:00 AM UTC
ttime		2	2	2	2	0	0	0	0	0	0	4		0		Wed 26 Sep 2018 03:28:30 AM UTC
ttime		2	2	2	2	0	0	0	0	0	0	4		0		Wed 26 Sep 2018 03:29:00 AM UTC
ttime		2	2	2	2	0	0	0	0	0	0	4		0		Wed 26 Sep 2018 03:29:30 AM UTC
ttime		2	2	2	2	0	0	0	0	0	0	4		0		Wed 26 Sep 2018 03:30:01 AM UTC
ttime		2	2	2	2	0	0	0	0	0	0	4		0		Wed 26 Sep 2018 03:30:31 AM UTC
ttime		3	2	3	3	0	0	0	0	0	0	5		0		Wed 26 Sep 2018 03:31:01 AM UTC
ttime		3	2	2	3	0	0	0	0	0	0	6		0		Wed 26 Sep 2018 03:31:31 AM UTC
ttime		2	2	2	2	0	0	0	0	0	0	4		0		Wed 26 Sep 2018 03:32:02 AM UTC
ttime		2	2	2	2	0	0	0	0	0	0	5		0		Wed 26 Sep 2018 03:32:32 AM UTC
ttime		2	2	2	2	0	0	0	0	0	0	4		0		Wed 26 Sep 2018 03:33:02 AM UTC
ttime		2	2	2	2	0	0	0	0	0	0	5		0		Wed 26 Sep 2018 03:33:32 AM UTC
ttime		2	2	2	2	0	0	0	0	0	0	5		0		Wed 26 Sep 2018 03:34:02 AM UTC
ttime		2	2	2	2	2	0	0	0	0	0	5		0		Wed 26 Sep 2018 03:34:33 AM UTC
ttime		2	2	2	2	2	0	0	0	0	0	4		0		Wed 26 Sep 2018 03:35:03 AM UTC
ttime		3	3	3	3	3	0	0	0	0	0	6		0		Wed 26 Sep 2018 03:35:33 AM UTC
ttime		2	2	2	2	2	0	0	0	0	0	4		0		Wed 26 Sep 2018 03:36:03 AM UTC
ttime		2	2	2	2	2	0	0	0	0	0	5		0		Wed 26 Sep 2018 03:36:34 AM UTC
ttime		3	2	2	2	2	0	0	0	0	0	6		0		Wed 26 Sep 2018 03:37:04 AM UTC
ttime		2	2	2	2	2	0	0	0	0	0	5		0		Wed 26 Sep 2018 03:37:34 AM UTC
ttime		2	2	2	2	2	0	0	0	0	0	5		0		Wed 26 Sep 2018 03:38:04 AM UTC
ttime		2	2	2	2	2	0	0	0	0	0	4		0		Wed 26 Sep 2018 03:38:35 AM UTC
ttime		3	2	2	3	3	0	0	0	0	0	6		0		Wed 26 Sep 2018 03:39:05 AM UTC
ttime		2	2	2	2	2	0	0	0	0	0	5		0		Wed 26 Sep 2018 03:39:35 AM UTC
ttime		2	2	2	2	2	0	0	0	0	0	5		0		Wed 26 Sep 2018 03:40:05 AM UTC
ttime		3	3	3	3	3	0	0	0	0	0	6		0		Wed 26 Sep 2018 03:40:35 AM UTC
ttime		2	2	2	2	2	0	0	0	0	0	5		0		Wed 26 Sep 2018 03:41:06 AM UTC
ttime		2	2	2	2	2	0	0	0	0	0	5		0		Wed 26 Sep 2018 03:41:36 AM UTC
ttime		2	2	2	2	2	0	0	0	0	0	5		0		Wed 26 Sep 2018 03:42:06 AM UTC
ttime		3	3	3	3	3	0	0	0	0	0	6		0		Wed 26 Sep 2018 03:42:36 AM UTC
ttime		3	3	3	3	3	0	0	0	0	0	7		0		Wed 26 Sep 2018 03:43:07 AM UTC
ttime		5	4	4	4	4	0	0	0	0	0	10		0		Wed 26 Sep 2018 03:43:37 AM UTC
ttime		3	3	3	3	3	0	0	0	0	0	6		0		Wed 26 Sep 2018 03:44:07 AM UTC
ttime		6	5	5	6	5	0	0	0	0	0	12		0		Wed 26 Sep 2018 03:44:38 AM UTC
ttime		2	2	2	2	2	0	0	0	0	0	5		0		Wed 26 Sep 2018 03:45:08 AM UTC
ttime		2	2	2	2	2	0	0	0	0	0	5		0		Wed 26 Sep 2018 03:45:38 AM UTC
ttime		2	2	2	2	2	0	0	0	0	0	6		0		Wed 26 Sep 2018 03:46:08 AM UTC
ttime		2	2	2	2	2	0	0	0	0	0	5		0		Wed 26 Sep 2018 03:46:39 AM UTC
ttime		2	2	2	2	2	0	0	0	0	0	6		0		Wed 26 Sep 2018 03:47:09 AM UTC
ttime		3	3	3	3	3	0	0	0	0	0	7		0		Wed 26 Sep 2018 03:47:39 AM UTC
ttime		3	3	3	3	3	0	0	0	0	0	7		0		Wed 26 Sep 2018 03:48:09 AM UTC
ttime		3	3	3	3	3	0	0	0	0	0	8		0		Wed 26 Sep 2018 03:48:40 AM UTC
ttime		4	4	4	4	4	0	0	0	0	0	9		0		Wed 26 Sep 2018 03:49:10 AM UTC
ttime		4	4	4	4	4	0	0	0	0	0	9		0		Wed 26 Sep 2018 03:49:40 AM UTC
ttime		3	3	3	3	3	0	0	0	0	0	7		0		Wed 26 Sep 2018 03:50:10 AM UTC
ttime		4	4	4	4	4	0	0	0	0	0	11		0		Wed 26 Sep 2018 03:50:41 AM UTC
ttime		2	2	2	2	2	0	0	0	0	0	6		0		Wed 26 Sep 2018 03:51:11 AM UTC
ttime		8	7	7	7	7	0	0	0	0	0	20		0		Wed 26 Sep 2018 03:51:41 AM UTC
ttime		6	6	6	6	5	0	0	0	0	0	17		0		Wed 26 Sep 2018 03:52:11 AM UTC
ttime		7	7	6	6	6	0	0	0	0	0	18		0		Wed 26 Sep 2018 03:52:42 AM UTC
ttime		8	7	7	7	7	0	0	0	0	0	21		0		Wed 26 Sep 2018 03:53:12 AM UTC
ttime		4	3	3	3	3	0	0	0	0	0	8		0		Wed 26 Sep 2018 03:53:42 AM UTC
ttime		3	3	3	3	3	0	0	0	0	0	7		0		Wed 26 Sep 2018 03:54:13 AM UTC
ttime		10	11	9	10	10	0	0	0	0	0	29		0		Wed 26 Sep 2018 03:54:43 AM UTC
ttime		3	3	3	3	3	0	0	0	0	0	7		0		Wed 26 Sep 2018 03:55:13 AM UTC
ttime		3	3	3	3	3	0	0	0	0	0	8		0		Wed 26 Sep 2018 03:55:43 AM UTC
ttime		3	3	3	3	3	0	0	0	0	0	7		0		Wed 26 Sep 2018 03:56:14 AM UTC
ttime		3	3	3	3	3	0	0	0	0	0	9		0		Wed 26 Sep 2018 03:56:44 AM UTC
ttime		3	3	3	3	3	0	0	0	0	0	8		0		Wed 26 Sep 2018 03:57:14 AM UTC
ttime		5	5	5	5	5	0	0	0	0	0	12		0		Wed 26 Sep 2018 03:57:44 AM UTC
ttime		4	4	4	4	4	0	0	0	0	0	11		0		Wed 26 Sep 2018 03:58:15 AM UTC
ttime		5	4	5	5	4	0	0	0	0	0	12		0		Wed 26 Sep 2018 03:58:45 AM UTC
ttime		3	3	3	3	3	0	0	0	0	0	9		0		Wed 26 Sep 2018 03:59:15 AM UTC
ttime		4	4	4	4	4	0	0	0	0	0	11		0		Wed 26 Sep 2018 03:59:45 AM UTC
ttime		4	4	4	4	4	0	0	0	0	0	10		0		Wed 26 Sep 2018 04:00:16 AM UTC
ttime		17	16	13	17	15	0	0	0	0	0	44		0		Wed 26 Sep 2018 04:00:46 AM UTC
ttime		6	5	4	6	5	0	0	0	0	0	15		0		Wed 26 Sep 2018 04:01:16 AM UTC
ttime		4	4	4	4	4	0	0	0	0	0	11		0		Wed 26 Sep 2018 04:01:46 AM UTC
ttime		13	11	11	11	10	0	0	0	0	0	30		0		Wed 26 Sep 2018 04:02:17 AM UTC
ttime		5	4	5	4	4	0	0	0	0	0	12		0		Wed 26 Sep 2018 04:02:47 AM UTC
ttime		6	5	4	6	5	0	0	0	0	0	15		0		Wed 26 Sep 2018 04:03:17 AM UTC
ttime		5	4	4	4	4	0	0	0	0	0	11		0		Wed 26 Sep 2018 04:03:48 AM UTC
ttime		9	9	9	9	8	0	0	0	0	0	26		0		Wed 26 Sep 2018 04:04:18 AM UTC
ttime		7	6	6	6	5	0	0	0	0	0	16		0		Wed 26 Sep 2018 04:04:48 AM UTC
ttime		7	7	6	5	7	0	0	0	0	0	18		0		Wed 26 Sep 2018 04:05:18 AM UTC
ttime		6	6	6	5	6	0	0	0	0	0	16		0		Wed 26 Sep 2018 04:05:49 AM UTC
ttime		18	18	17	17	17	0	0	0	0	0	53		0		Wed 26 Sep 2018 04:06:19 AM UTC
ttime		7	8	8	8	7	0	0	0	0	0	22		0		Wed 26 Sep 2018 04:06:49 AM UTC
ttime		8	7	8	7	7	0	0	0	0	0	22		0		Wed 26 Sep 2018 04:07:19 AM UTC
ttime		10	9	10	9	9	0	0	0	0	0	29		0		Wed 26 Sep 2018 04:07:50 AM UTC
ttime		7	6	6	6	6	0	0	0	0	0	18		0		Wed 26 Sep 2018 04:08:20 AM UTC
ttime		9	8	8	9	8	0	0	0	0	0	27		0		Wed 26 Sep 2018 04:08:50 AM UTC
ttime		10	9	10	10	10	0	0	0	0	0	30		0		Wed 26 Sep 2018 04:09:21 AM UTC
ttime		26	25	25	25	25	0	0	0	0	0	75		0		Wed 26 Sep 2018 04:09:51 AM UTC
ttime		9	9	9	9	9	0	0	0	0	0	27		0		Wed 26 Sep 2018 04:10:21 AM UTC
ttime		7	8	7	7	7	0	0	0	0	0	22		0		Wed 26 Sep 2018 04:10:51 AM UTC
ttime		10	8	10	9	10	0	0	0	0	0	28		0		Wed 26 Sep 2018 04:11:22 AM UTC
ttime		11	10	10	10	10	0	0	0	0	0	30		0		Wed 26 Sep 2018 04:11:52 AM UTC
ttime		9	9	9	9	9	0	0	0	0	0	26		0		Wed 26 Sep 2018 04:12:22 AM UTC
ttime		13	12	12	12	12	0	0	0	0	0	39		0		Wed 26 Sep 2018 04:12:52 AM UTC
ttime		10	9	10	10	10	0	0	0	0	0	30		0		Wed 26 Sep 2018 04:13:23 AM UTC
ttime		17	14	15	15	13	0	0	0	0	0	45		0		Wed 26 Sep 2018 04:13:53 AM UTC
ttime		17	17	17	17	17	0	0	0	0	0	57		0		Wed 26 Sep 2018 04:14:23 AM UTC
ttime		10	10	10	10	10	0	0	0	0	0	30		0		Wed 26 Sep 2018 04:14:54 AM UTC
ttime		10	7	10	9	9	0	0	0	0	0	26		0		Wed 26 Sep 2018 04:15:24 AM UTC
ttime		12	11	11	11	11	0	0	0	0	0	35		0		Wed 26 Sep 2018 04:15:54 AM UTC
ttime		11	11	10	11	11	0	0	0	0	0	32		0		Wed 26 Sep 2018 04:16:24 AM UTC
ttime		11	11	11	11	11	0	0	0	0	0	34		0		Wed 26 Sep 2018 04:16:55 AM UTC
ttime		11	9	10	11	10	0	0	0	0	0	29		0		Wed 26 Sep 2018 04:17:25 AM UTC
ttime		13	13	13	12	12	0	0	0	0	0	37		0		Wed 26 Sep 2018 04:17:55 AM UTC
ttime		23	21	21	22	21	0	0	0	0	0	65		0		Wed 26 Sep 2018 04:18:26 AM UTC
ttime		6	6	6	6	5	0	0	0	0	0	15		0		Wed 26 Sep 2018 04:18:56 AM UTC
ttime		9	8	8	8	8	0	0	0	0	0	26		0		Wed 26 Sep 2018 04:19:26 AM UTC
ttime		14	13	14	14	14	0	0	0	0	0	40		0		Wed 26 Sep 2018 04:19:56 AM UTC
ttime		30	30	31	30	31	0	0	0	0	0	97		0		Wed 26 Sep 2018 04:20:27 AM UTC
ttime		8	9	9	9	7	0	0	0	0	0	24		0		Wed 26 Sep 2018 04:20:57 AM UTC
ttime		6	5	5	6	5	0	0	0	0	0	15		0		Wed 26 Sep 2018 04:21:27 AM UTC
ttime		18	18	17	17	17	0	0	0	0	0	50		0		Wed 26 Sep 2018 04:21:58 AM UTC
ttime		12	10	12	11	11	0	0	0	0	0	33		0		Wed 26 Sep 2018 04:22:28 AM UTC
ttime		41	43	43	43	42	0	0	0	0	0	123		0		Wed 26 Sep 2018 04:22:58 AM UTC
ttime		6	6	6	6	6	0	0	0	0	0	16		0		Wed 26 Sep 2018 04:23:29 AM UTC
ttime		13	12	12	13	13	0	0	0	0	0	38		0		Wed 26 Sep 2018 04:23:59 AM UTC
ttime		8	8	8	8	8	0	0	0	0	0	24		0		Wed 26 Sep 2018 04:24:29 AM UTC
ttime		4	5	5	5	5	0	0	0	0	0	14		0		Wed 26 Sep 2018 04:24:59 AM UTC
ttime		8	8	7	8	8	0	0	0	0	0	24		0		Wed 26 Sep 2018 04:25:30 AM UTC
ttime		6	6	6	6	6	0	0	0	0	0	17		0		Wed 26 Sep 2018 04:26:00 AM UTC
ttime		8	7	7	7	7	0	0	0	0	0	22		0		Wed 26 Sep 2018 04:26:30 AM UTC
ttime		7	8	7	7	6	0	0	0	0	0	20		0		Wed 26 Sep 2018 04:27:00 AM UTC
ttime		6	6	6	5	6	0	0	0	0	0	18		0		Wed 26 Sep 2018 04:27:31 AM UTC
ttime		21	20	18	19	18	0	0	0	0	0	57		0		Wed 26 Sep 2018 04:28:01 AM UTC
ttime		6	6	6	6	6	0	0	0	0	0	17		0		Wed 26 Sep 2018 04:28:31 AM UTC
ttime		5	5	5	6	5	0	0	0	0	0	14		0		Wed 26 Sep 2018 04:29:02 AM UTC
ttime		6	6	6	5	5	0	0	0	0	0	15		0		Wed 26 Sep 2018 04:29:32 AM UTC
ttime		10	10	10	10	10	0	0	0	0	0	33		0		Wed 26 Sep 2018 04:30:02 AM UTC
ttime		7	7	7	7	7	0	0	0	0	0	19		0		Wed 26 Sep 2018 04:30:32 AM UTC
ttime		5	5	5	5	5	0	0	0	0	0	16		0		Wed 26 Sep 2018 04:31:03 AM UTC
ttime		5	6	6	6	6	0	0	0	0	0	18		0		Wed 26 Sep 2018 04:31:33 AM UTC
ttime		4	4	4	4	4	0	0	0	0	0	12		0		Wed 26 Sep 2018 04:32:03 AM UTC
ttime		4	4	4	4	4	0	0	0	0	0	11		0		Wed 26 Sep 2018 04:32:33 AM UTC
ttime		8	7	7	7	7	0	0	0	0	0	20		0		Wed 26 Sep 2018 04:33:04 AM UTC
ttime		6	6	5	5	5	0	0	0	0	0	17		0		Wed 26 Sep 2018 04:33:34 AM UTC
ttime		4	4	4	4	4	0	0	0	0	0	9		0		Wed 26 Sep 2018 04:34:04 AM UTC
ttime		4	4	4	4	4	0	0	0	0	0	10		0		Wed 26 Sep 2018 04:34:34 AM UTC
ttime		5	4	5	5	4	0	0	0	0	0	13		0		Wed 26 Sep 2018 04:35:05 AM UTC
ttime		5	4	4	5	4	0	0	0	0	0	11		0		Wed 26 Sep 2018 04:35:35 AM UTC
ttime		4	4	4	4	3	0	0	0	0	0	10		0		Wed 26 Sep 2018 04:36:05 AM UTC
ttime		22	21	20	21	21	0	0	0	0	0	54		0		Wed 26 Sep 2018 04:36:35 AM UTC
ttime		6	5	5	5	5	0	0	0	0	0	15		0		Wed 26 Sep 2018 04:37:06 AM UTC
ttime		3	3	3	3	3	0	0	0	0	0	8		0		Wed 26 Sep 2018 04:37:36 AM UTC
ttime		21	22	22	22	20	0	0	0	0	0	68		0		Wed 26 Sep 2018 04:38:06 AM UTC
ttime		10	8	8	10	9	0	0	0	0	0	27		0		Wed 26 Sep 2018 04:38:37 AM UTC
ttime		4	4	4	4	4	0	0	0	0	0	10		0		Wed 26 Sep 2018 04:39:07 AM UTC
ttime		6	5	5	5	5	0	0	0	0	0	14		0		Wed 26 Sep 2018 04:39:37 AM UTC
ttime		10	8	9	9	9	0	0	0	0	0	27		0		Wed 26 Sep 2018 04:40:07 AM UTC
ttime		4	4	4	4	4	0	0	0	0	0	11		0		Wed 26 Sep 2018 04:40:38 AM UTC
ttime		5	4	4	4	5	0	0	0	0	0	10		0		Wed 26 Sep 2018 04:41:08 AM UTC
ttime		3	3	3	3	3	0	0	0	0	0	8		0		Wed 26 Sep 2018 04:41:38 AM UTC
ttime		4	4	4	4	4	0	0	0	0	0	11		0		Wed 26 Sep 2018 04:42:08 AM UTC
ttime		23	21	19	21	21	0	0	0	0	0	59		0		Wed 26 Sep 2018 04:42:39 AM UTC
ttime		6	5	5	5	6	0	0	0	0	0	15		0		Wed 26 Sep 2018 04:43:09 AM UTC
ttime		6	5	6	5	5	0	0	0	0	0	14		0		Wed 26 Sep 2018 04:43:39 AM UTC
ttime		5	4	5	4	7	0	0	0	0	0	13		0		Wed 26 Sep 2018 04:44:10 AM UTC
ttime		5	5	5	5	5	0	0	0	0	0	12		0		Wed 26 Sep 2018 04:44:40 AM UTC
ttime		5	5	5	5	5	0	0	0	0	0	14		0		Wed 26 Sep 2018 04:45:10 AM UTC
ttime		5	5	4	4	4	0	0	0	0	0	10		0		Wed 26 Sep 2018 04:45:40 AM UTC
ttime		4	4	5	5	5	0	0	0	0	0	13		0		Wed 26 Sep 2018 04:46:11 AM UTC
ttime		3	3	3	3	3	0	0	0	0	0	7		0		Wed 26 Sep 2018 04:46:41 AM UTC
ttime		4	4	4	4	4	0	0	0	0	0	11		0		Wed 26 Sep 2018 04:47:11 AM UTC
ttime		3	3	3	3	3	0	0	0	0	0	8		0		Wed 26 Sep 2018 04:47:41 AM UTC
ttime		3	3	3	3	3	0	0	0	0	0	8		0		Wed 26 Sep 2018 04:48:12 AM UTC
ttime		4	4	4	4	4	0	0	0	0	0	9		0		Wed 26 Sep 2018 04:48:42 AM UTC
ttime		3	3	3	3	3	0	0	0	0	0	7		0		Wed 26 Sep 2018 04:49:12 AM UTC
ttime		9	8	9	8	9	0	0	0	0	0	29		0		Wed 26 Sep 2018 04:49:42 AM UTC
ttime		3	3	3	3	3	0	0	0	0	0	8		0		Wed 26 Sep 2018 04:50:13 AM UTC
ttime		4	4	4	4	4	0	0	0	0	0	10		0		Wed 26 Sep 2018 04:50:43 AM UTC
ttime		7	6	6	6	6	0	0	0	0	0	17		0		Wed 26 Sep 2018 04:51:13 AM UTC
ttime		4	4	4	4	4	0	0	0	0	0	14		0		Wed 26 Sep 2018 04:51:44 AM UTC
ttime		3	3	3	3	3	0	0	0	0	0	8		0		Wed 26 Sep 2018 04:52:14 AM UTC
ttime		3	3	3	3	3	0	0	0	0	0	7		0		Wed 26 Sep 2018 04:52:44 AM UTC
ttime		3	3	3	3	3	0	0	0	0	0	8		0		Wed 26 Sep 2018 04:53:14 AM UTC
ttime		3	3	3	3	3	0	0	0	0	0	8		0		Wed 26 Sep 2018 04:53:44 AM UTC
ttime		3	3	3	3	3	0	0	0	0	0	7		0		Wed 26 Sep 2018 04:54:15 AM UTC
ttime		3	2	2	2	2	0	0	0	0	0	6		0		Wed 26 Sep 2018 04:54:45 AM UTC
ttime		3	3	3	3	3	0	0	0	0	0	8		0		Wed 26 Sep 2018 04:55:15 AM UTC
ttime		3	3	2	3	3	0	0	0	0	0	7		0		Wed 26 Sep 2018 04:55:45 AM UTC
ttime		3	3	3	3	3	0	0	0	0	0	7		0		Wed 26 Sep 2018 04:56:16 AM UTC
ttime		10	9	8	8	9	0	0	0	0	0	23		0		Wed 26 Sep 2018 04:56:46 AM UTC
ttime		5	5	5	5	4	0	0	0	0	0	12		0		Wed 26 Sep 2018 04:57:16 AM UTC
ttime		3	3	3	3	3	0	0	0	0	0	7		0		Wed 26 Sep 2018 04:57:46 AM UTC
ttime		3	3	3	3	3	0	0	0	0	0	8		0		Wed 26 Sep 2018 04:58:17 AM UTC
ttime		3	3	3	3	3	0	0	0	0	0	7		0		Wed 26 Sep 2018 04:58:47 AM UTC
ttime		3	3	3	3	3	0	0	0	0	0	7		0		Wed 26 Sep 2018 04:59:17 AM UTC
ttime		3	3	3	3	3	0	0	0	0	0	8		0		Wed 26 Sep 2018 04:59:47 AM UTC
ttime		3	3	3	3	3	0	0	0	0	0	6		0		Wed 26 Sep 2018 05:00:18 AM UTC
ttime		2	2	2	2	2	0	0	0	0	0	6		0		Wed 26 Sep 2018 05:00:48 AM UTC
ttime		4	4	4	4	4	0	0	0	0	0	10		0		Wed 26 Sep 2018 05:01:18 AM UTC
ttime		3	3	3	3	3	0	0	0	0	0	8		0		Wed 26 Sep 2018 05:01:48 AM UTC
ttime		3	3	3	3	3	0	0	0	0	0	8		0		Wed 26 Sep 2018 05:02:19 AM UTC
ttime		3	3	3	3	3	0	0	0	0	0	7		0		Wed 26 Sep 2018 05:02:49 AM UTC
ttime		3	3	3	3	3	0	0	0	0	0	6		0		Wed 26 Sep 2018 05:03:19 AM UTC
ttime		8	7	7	7	6	0	0	0	0	0	18		0		Wed 26 Sep 2018 05:03:49 AM UTC
ttime		3	3	2	2	2	0	0	0	0	0	6		0		Wed 26 Sep 2018 05:04:20 AM UTC
ttime		2	2	2	2	2	0	0	0	0	0	6		0		Wed 26 Sep 2018 05:04:50 AM UTC
ttime		4	4	4	4	4	0	0	0	0	0	10		0		Wed 26 Sep 2018 05:05:20 AM UTC
ttime		3	3	3	3	3	0	0	0	0	0	9		0		Wed 26 Sep 2018 05:05:50 AM UTC
ttime		4	4	4	4	4	0	0	0	0	0	13		0		Wed 26 Sep 2018 05:06:21 AM UTC
ttime		2	2	2	2	2	0	0	0	0	0	6		0		Wed 26 Sep 2018 05:06:51 AM UTC
ttime		2	2	2	2	2	0	0	0	0	0	6		0		Wed 26 Sep 2018 05:07:21 AM UTC
ttime		3	3	3	3	3	0	0	0	0	0	9		0		Wed 26 Sep 2018 05:07:51 AM UTC
ttime		2	2	2	2	2	0	0	0	0	0	5		0		Wed 26 Sep 2018 05:08:22 AM UTC
ttime		2	2	2	2	2	0	0	0	0	0	6		0		Wed 26 Sep 2018 05:08:52 AM UTC
ttime		2	2	2	2	2	0	0	0	0	0	5		0		Wed 26 Sep 2018 05:09:22 AM UTC
ttime		2	2	2	2	2	0	0	0	0	0	6		0		Wed 26 Sep 2018 05:09:52 AM UTC
ttime		2	2	2	2	2	0	0	0	0	0	5		0		Wed 26 Sep 2018 05:10:23 AM UTC
ttime		2	2	2	2	2	0	0	0	0	0	5		0		Wed 26 Sep 2018 05:10:53 AM UTC
ttime		2	2	2	2	2	0	0	0	0	0	5		0		Wed 26 Sep 2018 05:11:23 AM UTC
ttime		3	3	3	3	3	0	0	0	0	0	8		0		Wed 26 Sep 2018 05:11:53 AM UTC
ttime		2	2	2	2	2	0	0	0	0	0	6		0		Wed 26 Sep 2018 05:12:23 AM UTC
ttime		3	3	3	3	3	0	0	0	0	0	7		0		Wed 26 Sep 2018 05:12:54 AM UTC
ttime		2	2	2	2	2	0	0	0	0	0	5		0		Wed 26 Sep 2018 05:13:24 AM UTC
ttime		3	3	3	3	3	0	0	0	0	0	7		0		Wed 26 Sep 2018 05:13:54 AM UTC
ttime		3	2	3	3	3	0	0	0	0	0	6		0		Wed 26 Sep 2018 05:14:25 AM UTC
ttime		2	2	2	2	2	0	0	0	0	0	5		0		Wed 26 Sep 2018 05:14:55 AM UTC
ttime		2	2	2	2	2	0	0	0	0	0	5		0		Wed 26 Sep 2018 05:15:25 AM UTC
ttime		2	2	2	2	3	0	0	0	0	0	6		0		Wed 26 Sep 2018 05:15:55 AM UTC
ttime		3	2	2	2	2	0	0	0	0	0	6		0		Wed 26 Sep 2018 05:16:26 AM UTC
ttime		2	2	2	2	2	0	0	0	0	0	5		0		Wed 26 Sep 2018 05:16:56 AM UTC
ttime		2	2	2	2	2	0	0	0	0	0	4		0		Wed 26 Sep 2018 05:17:26 AM UTC
ttime		2	2	2	2	2	0	0	0	0	0	6		0		Wed 26 Sep 2018 05:17:56 AM UTC
ttime		2	2	2	2	2	0	0	0	0	0	5		0		Wed 26 Sep 2018 05:18:26 AM UTC
ttime		2	2	2	2	2	0	0	0	0	0	6		0		Wed 26 Sep 2018 05:18:57 AM UTC
ttime		2	2	2	2	2	0	0	0	0	0	4		0		Wed 26 Sep 2018 05:19:27 AM UTC
ttime		2	2	2	2	2	0	0	0	0	0	5		0		Wed 26 Sep 2018 05:19:57 AM UTC
ttime		2	2	2	2	2	0	0	0	0	0	4		0		Wed 26 Sep 2018 05:20:27 AM UTC
ttime		2	2	2	2	2	0	0	0	0	0	4		0		Wed 26 Sep 2018 05:20:58 AM UTC
ttime		2	2	2	2	2	0	0	0	0	0	5		0		Wed 26 Sep 2018 05:21:28 AM UTC
ttime		2	2	2	2	2	0	0	0	0	0	4		0		Wed 26 Sep 2018 05:21:58 AM UTC
ttime		2	2	2	2	2	0	0	0	0	0	5		0		Wed 26 Sep 2018 05:22:28 AM UTC
ttime		2	2	2	2	2	0	0	0	0	0	4		0		Wed 26 Sep 2018 05:22:59 AM UTC
ttime		2	2	2	2	2	0	0	0	0	0	4		0		Wed 26 Sep 2018 05:23:29 AM UTC
ttime		2	2	2	2	2	0	0	0	0	0	4		0		Wed 26 Sep 2018 05:23:59 AM UTC
ttime		2	2	2	2	2	0	0	0	0	0	5		0		Wed 26 Sep 2018 05:24:29 AM UTC
ttime		2	1	2	2	1	0	0	0	0	0	4		0		Wed 26 Sep 2018 05:24:59 AM UTC
ttime		2	2	2	2	2	0	0	0	0	0	5		0		Wed 26 Sep 2018 05:25:30 AM UTC
ttime		2	2	2	2	2	0	0	0	0	0	4		0		Wed 26 Sep 2018 05:26:00 AM UTC
ttime		2	2	2	2	2	0	0	0	0	0	4		0		Wed 26 Sep 2018 05:26:30 AM UTC
ttime		2	2	2	2	2	0	0	0	0	0	4		0		Wed 26 Sep 2018 05:27:00 AM UTC
ttime		2	2	2	1	1	0	0	0	0	0	4		0		Wed 26 Sep 2018 05:27:31 AM UTC
ttime		2	2	2	2	2	0	0	0	0	0	4		0		Wed 26 Sep 2018 05:28:01 AM UTC
ttime		1	1	1	1	1	0	0	0	0	0	4		0		Wed 26 Sep 2018 05:28:31 AM UTC
ttime		1	1	1	1	1	0	0	0	0	0	4		0		Wed 26 Sep 2018 05:29:01 AM UTC
ttime		2	2	2	2	2	0	0	0	0	0	5		0		Wed 26 Sep 2018 05:29:32 AM UTC
ttime		2	1	2	1	1	0	0	0	0	0	4		0		Wed 26 Sep 2018 05:30:02 AM UTC
ttime		2	1	2	1	1	0	0	0	0	0	4		0		Wed 26 Sep 2018 05:30:32 AM UTC
ttime		2	1	1	1	2	0	0	0	0	0	4		0		Wed 26 Sep 2018 05:31:02 AM UTC
ttime		1	1	1	1	1	0	0	0	0	0	4		0		Wed 26 Sep 2018 05:31:32 AM UTC
ttime		2	1	1	1	1	0	0	0	0	0	4		0		Wed 26 Sep 2018 05:32:03 AM UTC
ttime		2	2	2	2	2	0	0	0	0	0	5		0		Wed 26 Sep 2018 05:32:33 AM UTC
ttime		1	1	1	1	1	0	0	0	0	0	4		0		Wed 26 Sep 2018 05:33:03 AM UTC
ttime		1	1	1	1	1	0	0	0	0	0	3		0		Wed 26 Sep 2018 05:33:33 AM UTC
ttime		2	1	1	1	1	0	0	0	0	0	4		0		Wed 26 Sep 2018 05:34:03 AM UTC
ttime		1	1	1	1	1	0	0	0	0	0	4		0		Wed 26 Sep 2018 05:34:34 AM UTC
ttime		1	1	1	1	1	0	0	0	0	0	4		0		Wed 26 Sep 2018 05:35:04 AM UTC
ttime		2	1	2	1	1	0	0	0	0	0	4		0		Wed 26 Sep 2018 05:35:34 AM UTC
ttime		1	1	1	1	1	0	0	0	0	0	4		0		Wed 26 Sep 2018 05:36:04 AM UTC
ttime		1	1	1	1	1	0	0	0	0	0	3		0		Wed 26 Sep 2018 05:36:35 AM UTC
ttime		1	1	1	1	1	0	0	0	0	0	3		0		Wed 26 Sep 2018 05:37:05 AM UTC
ttime		1	1	1	1	1	0	0	0	0	0	4		0		Wed 26 Sep 2018 05:37:35 AM UTC
ttime		1	1	1	1	1	0	0	0	0	0	4		0		Wed 26 Sep 2018 05:38:05 AM UTC
ttime		1	1	1	1	1	0	0	0	0	0	3		0		Wed 26 Sep 2018 05:38:35 AM UTC
ttime		1	1	1	1	1	0	0	0	0	0	3		0		Wed 26 Sep 2018 05:39:06 AM UTC
ttime		1	1	1	1	1	0	0	0	0	0	3		0		Wed 26 Sep 2018 05:39:36 AM UTC
ttime		1	1	1	1	1	0	0	0	0	0	4		0		Wed 26 Sep 2018 05:40:06 AM UTC
ttime		1	1	1	1	1	0	0	0	0	0	3		0		Wed 26 Sep 2018 05:40:36 AM UTC
ttime		1	1	1	1	1	0	0	0	0	0	3		0		Wed 26 Sep 2018 05:41:06 AM UTC
ttime		1	1	1	1	1	0	0	0	0	0	3		0		Wed 26 Sep 2018 05:41:37 AM UTC
ttime		1	1	1	1	1	0	0	0	0	0	4		0		Wed 26 Sep 2018 05:42:07 AM UTC
ttime		1	1	1	1	1	0	0	0	0	0	3		0		Wed 26 Sep 2018 05:42:37 AM UTC
ttime		1	1	1	1	1	0	0	0	0	0	3		0		Wed 26 Sep 2018 05:43:07 AM UTC
ttime		1	1	1	1	1	0	0	0	0	0	3		0		Wed 26 Sep 2018 05:43:37 AM UTC
ttime		1	1	1	1	1	0	0	0	0	0	3		0		Wed 26 Sep 2018 05:44:08 AM UTC
ttime		1	1	1	1	1	0	0	0	0	0	3		0		Wed 26 Sep 2018 05:44:38 AM UTC
ttime		1	1	1	1	1	0	0	0	0	0	3		0		Wed 26 Sep 2018 05:45:08 AM UTC
ttime		1	1	1	1	1	0	0	0	0	0	3		0		Wed 26 Sep 2018 05:45:38 AM UTC
ttime		1	1	1	1	1	0	0	0	0	0	3		0		Wed 26 Sep 2018 05:46:08 AM UTC
ttime		1	1	1	1	1	0	0	0	0	0	3		0		Wed 26 Sep 2018 05:46:39 AM UTC
ttime		1	1	1	1	1	0	0	0	0	0	3		0		Wed 26 Sep 2018 05:47:09 AM UTC
ttime		1	1	1	1	1	0	0	0	0	0	3		0		Wed 26 Sep 2018 05:47:39 AM UTC
ttime		1	1	1	1	1	0	0	0	0	0	3		0		Wed 26 Sep 2018 05:48:09 AM UTC
ttime		1	1	1	1	1	0	0	0	0	0	3		0		Wed 26 Sep 2018 05:48:39 AM UTC
ttime		1	1	1	1	1	0	0	0	0	0	3		0		Wed 26 Sep 2018 05:49:10 AM UTC
ttime		1	1	1	1	1	0	0	0	0	0	3		0		Wed 26 Sep 2018 05:49:40 AM UTC
ttime		1	1	1	1	1	0	0	0	0	0	3		0		Wed 26 Sep 2018 05:50:10 AM UTC
ttime		1	1	1	1	1	0	0	0	0	0	3		0		Wed 26 Sep 2018 05:50:40 AM UTC
ttime		1	1	1	1	1	0	0	0	0	0	3		0		Wed 26 Sep 2018 05:51:10 AM UTC
ttime		1	1	1	1	1	0	0	0	0	0	3		0		Wed 26 Sep 2018 05:51:41 AM UTC
ttime		1	1	1	1	1	0	0	0	0	0	3		0		Wed 26 Sep 2018 05:52:11 AM UTC
ttime		1	1	1	1	1	0	0	0	0	0	3		0		Wed 26 Sep 2018 05:52:41 AM UTC
ttime		1	1	1	1	1	0	0	0	0	0	3		0		Wed 26 Sep 2018 05:53:11 AM UTC
ttime		1	1	1	1	1	0	0	0	0	0	3		0		Wed 26 Sep 2018 05:53:41 AM UTC
ttime		1	1	1	1	1	0	0	0	0	0	3		0		Wed 26 Sep 2018 05:54:12 AM UTC
ttime		1	1	1	1	1	0	0	0	0	0	3		0		Wed 26 Sep 2018 05:54:42 AM UTC
ttime		1	1	1	1	1	0	0	0	0	0	3		0		Wed 26 Sep 2018 05:55:12 AM UTC
ttime		1	1	1	1	1	0	0	0	0	0	3		0		Wed 26 Sep 2018 05:55:42 AM UTC
ttime		1	1	1	1	1	0	0	0	0	0	3		0		Wed 26 Sep 2018 05:56:12 AM UTC
ttime		1	1	1	1	1	0	0	0	0	0	3		0		Wed 26 Sep 2018 05:56:43 AM UTC
ttime		1	1	1	1	1	0	0	0	0	0	3		0		Wed 26 Sep 2018 05:57:13 AM UTC
ttime		1	1	1	1	1	0	0	0	0	0	3		0		Wed 26 Sep 2018 05:57:43 AM UTC
ttime		1	1	1	1	1	0	0	0	0	0	3		0		Wed 26 Sep 2018 05:58:13 AM UTC
ttime		1	1	1	1	1	0	0	0	0	0	3		0		Wed 26 Sep 2018 05:58:43 AM UTC
ttime		1	1	1	1	1	0	0	0	0	0	3		0		Wed 26 Sep 2018 05:59:14 AM UTC
ttime		1	1	1	1	1	0	0	0	0	0	3		0		Wed 26 Sep 2018 05:59:44 AM UTC
ttime		1	1	1	1	1	0	0	0	0	0	3		0		Wed 26 Sep 2018 06:00:14 AM UTC
ttime		1	1	1	1	1	0	0	0	0	0	2		0		Wed 26 Sep 2018 06:00:44 AM UTC
ttime		1	1	1	1	1	0	0	0	0	0	3		0		Wed 26 Sep 2018 06:01:14 AM UTC
ttime		1	1	1	1	1	0	0	0	0	0	2		0		Wed 26 Sep 2018 06:01:44 AM UTC
ttime		1	1	1	1	1	0	0	0	0	0	2		0		Wed 26 Sep 2018 06:02:15 AM UTC
ttime		1	1	1	1	1	0	0	0	0	0	3		0		Wed 26 Sep 2018 06:02:45 AM UTC
ttime		1	1	1	1	1	0	0	0	0	0	3		0		Wed 26 Sep 2018 06:03:15 AM UTC
ttime		1	1	1	1	1	0	0	0	0	0	2		0		Wed 26 Sep 2018 06:03:45 AM UTC
ttime		1	1	1	1	1	0	0	0	0	0	3		0		Wed 26 Sep 2018 06:04:15 AM UTC
ttime		1	1	1	1	1	0	0	0	0	0	2		0		Wed 26 Sep 2018 06:04:46 AM UTC
ttime		1	1	1	1	1	0	0	0	0	0	2		0		Wed 26 Sep 2018 06:05:16 AM UTC
ttime		1	1	1	1	1	0	0	0	0	0	2		0		Wed 26 Sep 2018 06:05:46 AM UTC
ttime		1	1	1	1	1	0	0	0	0	0	2		0		Wed 26 Sep 2018 06:06:16 AM UTC
ttime		1	1	1	1	1	0	0	0	0	0	3		0		Wed 26 Sep 2018 06:06:46 AM UTC
ttime		1	1	1	1	1	0	0	0	0	0	2		0		Wed 26 Sep 2018 06:07:17 AM UTC
ttime		1	1	1	1	1	0	0	0	0	0	2		0		Wed 26 Sep 2018 06:07:47 AM UTC
ttime		1	1	1	1	1	0	0	0	0	0	2		0		Wed 26 Sep 2018 06:08:17 AM UTC
ttime		0	0	0	0	0	0	0	0	0	0	0		0		Wed 26 Sep 2018 06:08:47 AM UTC
ttime		1	1	0	1	1	0	0	0	0	0	3		0		Wed 26 Sep 2018 06:09:17 AM UTC
ttime		1	1	0	1	1	0	0	0	0	0	2		0		Wed 26 Sep 2018 06:09:48 AM UTC
ttime		1	1	0	1	1	0	0	0	0	0	2		0		Wed 26 Sep 2018 06:10:18 AM UTC
ttime		1	1	0	1	1	0	0	0	0	0	2		0		Wed 26 Sep 2018 06:10:48 AM UTC
ttime		1	1	0	1	1	0	0	0	0	0	2		0		Wed 26 Sep 2018 06:11:18 AM UTC
ttime		1	1	0	1	1	0	0	0	0	0	2		0		Wed 26 Sep 2018 06:11:48 AM UTC
ttime		1	1	0	1	1	0	0	0	0	0	2		0		Wed 26 Sep 2018 06:12:19 AM UTC
ttime		1	1	0	1	1	0	0	0	0	0	2		0		Wed 26 Sep 2018 06:12:49 AM UTC
ttime		1	1	0	1	1	0	0	0	0	0	3		0		Wed 26 Sep 2018 06:13:19 AM UTC
ttime		1	1	0	1	1	0	0	0	0	0	3		0		Wed 26 Sep 2018 06:13:49 AM UTC
ttime		1	1	0	1	1	0	0	0	0	0	2		0		Wed 26 Sep 2018 06:14:19 AM UTC
ttime		1	1	0	1	1	0	0	0	0	0	2		0		Wed 26 Sep 2018 06:14:50 AM UTC
ttime		1	1	0	1	1	0	0	0	0	0	2		0		Wed 26 Sep 2018 06:15:20 AM UTC
ttime		1	1	0	1	1	0	0	0	0	0	2		0		Wed 26 Sep 2018 06:15:50 AM UTC
ttime		1	1	0	1	1	0	0	0	0	0	2		0		Wed 26 Sep 2018 06:16:20 AM UTC
ttime		1	1	0	1	1	0	0	0	0	0	2		0		Wed 26 Sep 2018 06:16:50 AM UTC
ttime		1	1	0	1	1	0	0	0	0	0	2		0		Wed 26 Sep 2018 06:17:20 AM UTC
ttime		1	1	0	1	1	0	0	0	0	0	2		0		Wed 26 Sep 2018 06:17:51 AM UTC
ttime		1	1	0	1	1	0	0	0	0	0	2		0		Wed 26 Sep 2018 06:18:21 AM UTC
ttime		1	1	0	1	1	0	0	0	0	0	2		0		Wed 26 Sep 2018 06:18:51 AM UTC
ttime		1	1	0	1	1	0	0	0	0	0	2		0		Wed 26 Sep 2018 06:19:21 AM UTC
ttime		1	1	0	1	1	0	0	0	0	0	2		0		Wed 26 Sep 2018 06:19:51 AM UTC
ttime		1	1	0	1	1	0	0	0	0	0	2		0		Wed 26 Sep 2018 06:20:22 AM UTC
ttime		1	1	0	1	1	0	0	0	0	0	2		0		Wed 26 Sep 2018 06:20:52 AM UTC
ttime		1	1	0	1	1	0	0	0	0	0	2		0		Wed 26 Sep 2018 06:21:22 AM UTC
ttime		1	1	0	1	1	0	0	0	0	0	2		0		Wed 26 Sep 2018 06:21:52 AM UTC
ttime		1	1	0	1	1	0	0	0	0	0	2		0		Wed 26 Sep 2018 06:22:22 AM UTC
ttime		1	1	0	1	1	0	0	0	0	0	3		0		Wed 26 Sep 2018 06:22:52 AM UTC
ttime		1	1	0	1	1	0	0	0	0	0	2		0		Wed 26 Sep 2018 06:23:23 AM UTC
ttime		1	1	0	1	1	0	0	0	0	0	2		0		Wed 26 Sep 2018 06:23:53 AM UTC
ttime		1	1	0	1	1	0	0	0	0	0	2		0		Wed 26 Sep 2018 06:24:23 AM UTC
ttime		1	1	0	1	1	0	0	0	0	0	2		0		Wed 26 Sep 2018 06:24:53 AM UTC
ttime		1	1	0	1	1	0	0	0	0	0	2		0		Wed 26 Sep 2018 06:25:23 AM UTC
ttime		1	1	0	1	1	0	0	0	0	0	2		0		Wed 26 Sep 2018 06:25:54 AM UTC
ttime		1	1	0	1	1	0	0	0	0	0	2		0		Wed 26 Sep 2018 06:26:24 AM UTC
ttime		1	1	0	1	1	0	0	0	0	0	2		0		Wed 26 Sep 2018 06:26:54 AM UTC
ttime		1	1	0	1	1	0	0	0	0	0	2		0		Wed 26 Sep 2018 06:27:24 AM UTC
ttime		1	1	0	1	1	0	0	0	0	0	2		0		Wed 26 Sep 2018 06:27:54 AM UTC
ttime		1	1	0	1	1	0	0	0	0	0	2		0		Wed 26 Sep 2018 06:28:25 AM UTC
ttime		1	1	0	1	1	0	0	0	0	0	2		0		Wed 26 Sep 2018 06:28:55 AM UTC
ttime		1	1	0	1	1	0	0	0	0	0	2		0		Wed 26 Sep 2018 06:29:25 AM UTC
ttime		1	1	0	1	1	0	0	0	0	0	2		0		Wed 26 Sep 2018 06:29:55 AM UTC
ttime		1	1	0	1	1	0	0	0	0	0	2		0		Wed 26 Sep 2018 06:30:25 AM UTC
ttime		1	1	0	0	1	0	0	0	0	0	1		0		Wed 26 Sep 2018 06:30:55 AM UTC
ttime		1	1	0	0	1	0	0	0	0	0	2		0		Wed 26 Sep 2018 06:31:26 AM UTC
ttime		1	1	0	0	1	0	0	0	0	0	2		0		Wed 26 Sep 2018 06:31:56 AM UTC
ttime		1	1	0	0	1	0	0	0	0	0	2		0		Wed 26 Sep 2018 06:32:26 AM UTC
ttime		1	1	0	0	1	0	0	0	0	0	2		0		Wed 26 Sep 2018 06:32:56 AM UTC
ttime		1	1	0	0	1	0	0	0	0	0	2		0		Wed 26 Sep 2018 06:33:26 AM UTC
ttime		1	1	0	0	1	0	0	0	0	0	2		0		Wed 26 Sep 2018 06:33:57 AM UTC
ttime		1	1	0	0	1	0	0	0	0	0	2		0		Wed 26 Sep 2018 06:34:27 AM UTC
ttime		1	1	0	0	1	0	0	0	0	0	2		0		Wed 26 Sep 2018 06:34:57 AM UTC
ttime		1	1	0	0	1	0	0	0	0	0	2		0		Wed 26 Sep 2018 06:35:27 AM UTC
ttime		1	1	0	0	1	0	0	0	0	0	2		0		Wed 26 Sep 2018 06:35:57 AM UTC
ttime		1	1	0	0	1	0	0	0	0	0	2		0		Wed 26 Sep 2018 06:36:27 AM UTC
ttime		1	1	0	0	1	0	0	0	0	0	2		0		Wed 26 Sep 2018 06:36:58 AM UTC
ttime		1	1	0	0	1	0	0	0	0	0	2		0		Wed 26 Sep 2018 06:37:28 AM UTC
ttime		1	1	0	0	1	0	0	0	0	0	2		0		Wed 26 Sep 2018 06:37:58 AM UTC
ttime		1	1	0	0	1	0	0	0	0	0	2		0		Wed 26 Sep 2018 06:38:28 AM UTC
ttime		1	1	0	0	1	0	0	0	0	0	2		0		Wed 26 Sep 2018 06:38:58 AM UTC
ttime		1	1	0	0	1	0	0	0	0	0	2		0		Wed 26 Sep 2018 06:39:29 AM UTC
ttime		1	1	0	0	1	0	0	0	0	0	2		0		Wed 26 Sep 2018 06:39:59 AM UTC
ttime		1	1	0	0	1	0	0	0	0	0	2		0		Wed 26 Sep 2018 06:40:29 AM UTC
ttime		1	1	0	0	1	0	0	0	0	0	2		0		Wed 26 Sep 2018 06:40:59 AM UTC
ttime		1	1	0	0	1	0	0	0	0	0	2		0		Wed 26 Sep 2018 06:41:29 AM UTC
ttime		1	1	0	0	1	0	0	0	0	0	2		0		Wed 26 Sep 2018 06:41:59 AM UTC
ttime		1	1	0	0	1	0	0	0	0	0	2		0		Wed 26 Sep 2018 06:42:30 AM UTC
ttime		1	1	0	0	1	0	0	0	0	0	2		0		Wed 26 Sep 2018 06:43:00 AM UTC
ttime		1	1	0	0	1	0	0	0	0	0	2		0		Wed 26 Sep 2018 06:43:30 AM UTC
ttime		1	1	0	0	1	0	0	0	0	0	2		0		Wed 26 Sep 2018 06:44:00 AM UTC
ttime		1	1	0	0	1	0	0	0	0	0	2		0		Wed 26 Sep 2018 06:44:30 AM UTC
ttime		1	1	0	0	1	0	0	0	0	0	2		0		Wed 26 Sep 2018 06:45:01 AM UTC
ttime		1	1	0	0	1	0	0	0	0	0	2		0		Wed 26 Sep 2018 06:45:31 AM UTC
ttime		1	1	0	0	1	0	0	0	0	0	2		0		Wed 26 Sep 2018 06:46:01 AM UTC
ttime		1	1	0	0	1	0	0	0	0	0	2		0		Wed 26 Sep 2018 06:46:31 AM UTC
ttime		1	1	0	0	1	0	0	0	0	0	2		0		Wed 26 Sep 2018 06:47:01 AM UTC
ttime		1	1	0	0	1	0	0	0	0	0	1		0		Wed 26 Sep 2018 06:47:31 AM UTC
ttime		1	1	0	0	1	0	0	0	0	0	2		0		Wed 26 Sep 2018 06:48:02 AM UTC
ttime		1	1	0	0	1	0	0	0	0	0	2		0		Wed 26 Sep 2018 06:48:32 AM UTC
ttime		1	1	0	0	1	0	0	0	0	0	1		0		Wed 26 Sep 2018 06:49:02 AM UTC
ttime		1	1	0	0	1	0	0	0	0	0	1		0		Wed 26 Sep 2018 06:49:32 AM UTC
ttime		1	1	0	0	1	0	0	0	0	0	1		0		Wed 26 Sep 2018 06:50:02 AM UTC
ttime		1	1	0	0	1	0	0	0	0	0	1		0		Wed 26 Sep 2018 06:50:32 AM UTC
ttime		1	1	0	0	1	0	0	0	0	0	1		0		Wed 26 Sep 2018 06:51:03 AM UTC
ttime		0	1	0	0	1	0	0	0	0	0	1		0		Wed 26 Sep 2018 06:51:33 AM UTC
ttime		0	1	0	0	1	0	0	0	0	0	1		0		Wed 26 Sep 2018 06:52:03 AM UTC
ttime		0	1	0	0	1	0	0	0	0	0	1		0		Wed 26 Sep 2018 06:52:33 AM UTC
ttime		0	1	0	0	1	0	0	0	0	0	1		0		Wed 26 Sep 2018 06:53:03 AM UTC
ttime		0	1	0	0	1	0	0	0	0	0	1		0		Wed 26 Sep 2018 06:53:33 AM UTC
ttime		0	1	0	0	1	0	0	0	0	0	1		0		Wed 26 Sep 2018 06:54:04 AM UTC
ttime		0	1	0	0	1	0	0	0	0	0	1		0		Wed 26 Sep 2018 06:54:34 AM UTC
ttime		0	1	0	0	1	0	0	0	0	0	1		0		Wed 26 Sep 2018 06:55:04 AM UTC
ttime		0	0	0	0	1	0	0	0	0	0	1		0		Wed 26 Sep 2018 06:55:34 AM UTC
ttime		0	0	0	0	0	0	0	0	0	0	0		0		Wed 26 Sep 2018 06:56:04 AM UTC
ttime		0	0	0	0	1	0	0	0	0	0	1		0		Wed 26 Sep 2018 06:56:34 AM UTC
ttime		0	0	0	0	1	0	0	0	0	0	1		0		Wed 26 Sep 2018 06:57:05 AM UTC
ttime		0	0	0	0	1	0	0	0	0	0	1		0		Wed 26 Sep 2018 06:57:35 AM UTC
ttime		0	0	0	0	1	0	0	0	0	0	1		0		Wed 26 Sep 2018 06:58:05 AM UTC
ttime		0	0	0	0	1	0	0	0	0	0	1		0		Wed 26 Sep 2018 06:58:35 AM UTC
ttime		0	0	0	0	1	0	0	0	0	0	1		0		Wed 26 Sep 2018 06:59:05 AM UTC
ttime		0	0	0	0	1	0	0	0	0	0	1		0		Wed 26 Sep 2018 06:59:35 AM UTC
ttime		0	0	0	0	1	0	0	0	0	0	1		0		Wed 26 Sep 2018 07:00:06 AM UTC
ttime		0	0	0	0	1	0	0	0	0	0	1		0		Wed 26 Sep 2018 07:00:36 AM UTC
ttime		0	0	0	0	1	0	0	0	0	0	1		0		Wed 26 Sep 2018 07:01:06 AM UTC
ttime		0	0	0	0	1	1	0	0	0	0	1		0		Wed 26 Sep 2018 07:01:36 AM UTC
ttime		0	0	0	0	1	1	0	0	0	0	1		0		Wed 26 Sep 2018 07:02:06 AM UTC
ttime		0	0	0	0	1	1	0	0	0	0	1		0		Wed 26 Sep 2018 07:02:36 AM UTC
ttime		0	0	0	0	1	1	0	0	0	0	1		0		Wed 26 Sep 2018 07:03:07 AM UTC
ttime		0	0	0	0	1	1	0	0	0	0	1		0		Wed 26 Sep 2018 07:03:37 AM UTC
ttime		0	0	0	0	1	1	0	0	0	0	1		0		Wed 26 Sep 2018 07:04:07 AM UTC
ttime		0	0	0	0	1	1	0	0	0	0	1		0		Wed 26 Sep 2018 07:04:37 AM UTC
ttime		0	0	0	0	1	1	0	0	0	0	1		0		Wed 26 Sep 2018 07:05:07 AM UTC
ttime		0	0	0	0	1	1	0	0	0	0	1		0		Wed 26 Sep 2018 07:05:37 AM UTC
ttime		0	0	0	0	1	1	0	0	0	0	1		0		Wed 26 Sep 2018 07:06:08 AM UTC
ttime		0	0	0	0	1	1	0	0	0	0	1		0		Wed 26 Sep 2018 07:06:38 AM UTC
ttime		0	0	0	0	1	1	0	0	0	0	1		0		Wed 26 Sep 2018 07:07:08 AM UTC
ttime		0	0	0	0	1	1	0	0	0	0	1		0		Wed 26 Sep 2018 07:07:38 AM UTC
ttime		0	0	0	0	1	1	0	0	0	0	1		0		Wed 26 Sep 2018 07:08:08 AM UTC
ttime		0	0	0	0	1	1	0	0	0	0	1		0		Wed 26 Sep 2018 07:08:38 AM UTC
ttime		0	0	0	0	1	1	0	0	0	0	1		0		Wed 26 Sep 2018 07:09:09 AM UTC
ttime		0	0	0	0	1	1	0	0	0	0	1		0		Wed 26 Sep 2018 07:09:39 AM UTC
ttime		0	0	0	0	1	1	0	0	0	0	1		0		Wed 26 Sep 2018 07:10:09 AM UTC
ttime		0	0	0	0	1	1	0	0	0	0	1		0		Wed 26 Sep 2018 07:10:39 AM UTC
ttime		0	0	0	0	1	1	0	0	0	0	1		0		Wed 26 Sep 2018 07:11:09 AM UTC
ttime		0	0	0	0	1	1	0	0	0	0	1		0		Wed 26 Sep 2018 07:11:39 AM UTC
ttime		0	0	0	0	1	1	0	0	0	0	1		0		Wed 26 Sep 2018 07:12:10 AM UTC
ttime		0	0	0	0	1	1	0	0	0	0	1		0		Wed 26 Sep 2018 07:12:40 AM UTC
ttime		0	0	0	0	1	1	0	0	0	0	1		0		Wed 26 Sep 2018 07:13:10 AM UTC
ttime		0	0	0	0	1	1	0	0	0	0	1		0		Wed 26 Sep 2018 07:13:40 AM UTC
ttime		0	0	0	0	1	1	0	0	0	0	1		0		Wed 26 Sep 2018 07:14:10 AM UTC
ttime		0	0	0	0	1	1	0	0	0	0	1		0		Wed 26 Sep 2018 07:14:41 AM UTC
ttime		0	0	0	0	1	1	0	0	0	0	1		0		Wed 26 Sep 2018 07:15:11 AM UTC
ttime		0	0	0	0	1	1	0	0	0	0	1		0		Wed 26 Sep 2018 07:15:41 AM UTC
ttime		0	0	0	0	1	1	0	0	0	0	1		0		Wed 26 Sep 2018 07:16:11 AM UTC
ttime		0	0	0	0	1	1	0	0	0	0	1		0		Wed 26 Sep 2018 07:16:41 AM UTC
ttime		0	0	0	0	1	1	0	0	0	0	1		0		Wed 26 Sep 2018 07:17:11 AM UTC
ttime		0	0	0	0	1	1	0	0	0	0	1		0		Wed 26 Sep 2018 07:17:41 AM UTC
ttime		0	0	0	0	1	1	0	0	0	0	1		0		Wed 26 Sep 2018 07:18:12 AM UTC
ttime		0	0	0	0	1	1	0	0	0	0	1		0		Wed 26 Sep 2018 07:18:42 AM UTC
ttime		0	0	0	0	1	1	0	0	0	0	1		0		Wed 26 Sep 2018 07:19:12 AM UTC
ttime		0	0	0	0	1	1	0	0	0	0	1		0		Wed 26 Sep 2018 07:19:42 AM UTC
ttime		0	0	0	0	1	1	0	0	0	0	1		0		Wed 26 Sep 2018 07:20:12 AM UTC
ttime		0	0	0	0	1	1	0	0	0	0	1		0		Wed 26 Sep 2018 07:20:42 AM UTC
ttime		0	0	0	0	1	1	0	0	0	0	1		0		Wed 26 Sep 2018 07:21:13 AM UTC
ttime		0	0	0	0	1	1	0	0	0	0	1		0		Wed 26 Sep 2018 07:21:43 AM UTC
ttime		0	0	0	0	1	1	0	0	0	0	1		0		Wed 26 Sep 2018 07:22:13 AM UTC
ttime		0	0	0	0	1	1	0	0	0	0	1		0		Wed 26 Sep 2018 07:22:43 AM UTC
ttime		0	0	0	0	1	1	0	0	0	0	1		0		Wed 26 Sep 2018 07:23:13 AM UTC
ttime		0	0	0	0	0	1	0	0	0	0	1		0		Wed 26 Sep 2018 07:23:43 AM UTC
ttime		0	0	0	0	0	1	0	0	0	0	1		0		Wed 26 Sep 2018 07:24:14 AM UTC
ttime		0	0	0	0	0	1	0	0	0	0	1		0		Wed 26 Sep 2018 07:24:44 AM UTC
ttime		0	0	0	0	0	1	0	0	0	0	1		0		Wed 26 Sep 2018 07:25:14 AM UTC
ttime		0	0	0	0	0	1	0	0	0	0	1		0		Wed 26 Sep 2018 07:25:44 AM UTC
ttime		0	0	0	0	0	1	0	0	0	0	1		0		Wed 26 Sep 2018 07:26:14 AM UTC
ttime		0	0	0	0	0	1	0	0	0	0	1		0		Wed 26 Sep 2018 07:26:44 AM UTC
ttime		0	0	0	0	0	1	0	0	0	0	1		0		Wed 26 Sep 2018 07:27:15 AM UTC
ttime		0	0	0	0	0	1	0	0	0	0	1		0		Wed 26 Sep 2018 07:27:45 AM UTC
ttime		0	0	0	0	0	1	0	0	0	0	1		0		Wed 26 Sep 2018 07:28:15 AM UTC
ttime		0	0	0	0	0	1	0	0	0	0	1		0		Wed 26 Sep 2018 07:28:45 AM UTC
ttime		0	0	0	0	0	1	0	0	0	0	1		0		Wed 26 Sep 2018 07:29:15 AM UTC
ttime		0	0	0	0	0	1	0	0	0	0	1		0		Wed 26 Sep 2018 07:29:45 AM UTC
ttime		0	0	0	0	0	1	0	0	0	0	1		0		Wed 26 Sep 2018 07:30:16 AM UTC
ttime		0	0	0	0	0	1	0	0	0	0	1		0		Wed 26 Sep 2018 07:30:46 AM UTC
ttime		0	0	0	0	0	1	0	0	0	0	1		0		Wed 26 Sep 2018 07:31:16 AM UTC
ttime		0	0	0	0	0	1	0	0	0	0	1		0		Wed 26 Sep 2018 07:31:46 AM UTC
ttime		0	0	0	0	0	1	0	0	0	0	1		0		Wed 26 Sep 2018 07:32:16 AM UTC
ttime		0	0	0	0	0	1	0	0	0	0	1		0		Wed 26 Sep 2018 07:32:46 AM UTC
ttime		0	0	0	0	0	1	0	0	0	0	1		0		Wed 26 Sep 2018 07:33:16 AM UTC
ttime		0	0	0	0	0	1	0	0	0	0	1		0		Wed 26 Sep 2018 07:33:47 AM UTC
ttime		0	0	0	0	0	1	0	0	0	0	1		0		Wed 26 Sep 2018 07:34:17 AM UTC
ttime		0	0	0	0	0	1	0	0	0	0	1		0		Wed 26 Sep 2018 07:34:47 AM UTC
ttime		0	0	0	0	0	1	0	0	0	0	1		0		Wed 26 Sep 2018 07:35:17 AM UTC
ttime		0	0	0	0	0	1	0	0	0	0	1		0		Wed 26 Sep 2018 07:35:47 AM UTC
ttime		0	0	0	0	0	1	0	0	0	0	1		0		Wed 26 Sep 2018 07:36:17 AM UTC
ttime		0	0	0	0	0	1	0	0	0	0	1		0		Wed 26 Sep 2018 07:36:48 AM UTC
ttime		0	0	0	0	0	1	0	0	0	0	1		0		Wed 26 Sep 2018 07:37:18 AM UTC
ttime		0	0	0	0	0	1	0	0	0	0	1		0		Wed 26 Sep 2018 07:37:48 AM UTC
ttime		0	0	0	0	0	1	0	0	0	0	1		0		Wed 26 Sep 2018 07:38:18 AM UTC
ttime		0	0	0	0	0	1	0	0	0	0	1		0		Wed 26 Sep 2018 07:38:48 AM UTC
ttime		0	0	0	0	0	1	0	0	0	0	1		0		Wed 26 Sep 2018 07:39:18 AM UTC
ttime		0	0	0	0	0	1	0	0	0	0	1		0		Wed 26 Sep 2018 07:39:49 AM UTC
ttime		0	0	0	0	0	1	0	0	0	0	1		0		Wed 26 Sep 2018 07:40:19 AM UTC
ttime		0	0	0	0	0	1	0	0	0	0	1		0		Wed 26 Sep 2018 07:40:49 AM UTC
ttime		0	0	0	0	0	1	0	0	0	0	1		0		Wed 26 Sep 2018 07:41:19 AM UTC
ttime		0	0	0	0	0	1	0	0	0	0	1		0		Wed 26 Sep 2018 07:41:49 AM UTC
ttime		0	0	0	0	0	1	0	0	0	0	1		0		Wed 26 Sep 2018 07:42:19 AM UTC
ttime		0	0	0	0	0	1	0	0	0	0	1		0		Wed 26 Sep 2018 07:42:50 AM UTC
ttime		0	0	0	0	0	1	0	0	0	0	1		0		Wed 26 Sep 2018 07:43:20 AM UTC
ttime		0	0	0	0	0	1	0	0	0	0	1		0		Wed 26 Sep 2018 07:43:50 AM UTC
ttime		0	0	0	0	0	1	0	0	0	0	1		0		Wed 26 Sep 2018 07:44:20 AM UTC
ttime		0	0	0	0	0	1	0	0	0	0	1		0		Wed 26 Sep 2018 07:44:50 AM UTC
ttime		0	0	0	0	0	1	0	0	0	0	1		0		Wed 26 Sep 2018 07:45:20 AM UTC
ttime		0	0	0	0	0	1	0	0	0	0	1		0		Wed 26 Sep 2018 07:45:51 AM UTC
ttime		0	0	0	0	0	1	0	0	0	0	1		0		Wed 26 Sep 2018 07:46:21 AM UTC
ttime		0	0	0	0	0	1	0	0	0	0	1		0		Wed 26 Sep 2018 07:46:51 AM UTC
ttime		0	0	0	0	0	1	0	0	0	0	1		0		Wed 26 Sep 2018 07:47:21 AM UTC
ttime		0	0	0	0	0	1	0	0	0	0	1		0		Wed 26 Sep 2018 07:47:51 AM UTC
ttime		0	0	0	0	0	1	0	0	0	0	1		0		Wed 26 Sep 2018 07:48:21 AM UTC
ttime		0	0	0	0	0	1	0	0	0	0	1		0		Wed 26 Sep 2018 07:48:52 AM UTC
ttime		0	0	0	0	0	1	0	0	0	0	1		0		Wed 26 Sep 2018 07:49:22 AM UTC
ttime		0	0	0	0	0	1	0	0	0	0	1		0		Wed 26 Sep 2018 07:49:52 AM UTC
ttime		0	0	0	0	0	1	0	0	0	0	1		0		Wed 26 Sep 2018 07:50:22 AM UTC
ttime		0	0	0	0	0	1	0	0	0	0	1		0		Wed 26 Sep 2018 07:50:52 AM UTC
ttime		0	0	0	0	0	1	0	0	0	0	1		0		Wed 26 Sep 2018 07:51:22 AM UTC
ttime		0	0	0	0	0	1	0	0	0	0	1		0		Wed 26 Sep 2018 07:51:52 AM UTC
ttime		0	0	0	0	0	1	0	0	0	0	1		0		Wed 26 Sep 2018 07:52:23 AM UTC
ttime		0	0	0	0	0	1	0	0	0	0	1		0		Wed 26 Sep 2018 07:52:53 AM UTC
ttime		0	0	0	0	0	1	0	0	0	0	1		0		Wed 26 Sep 2018 07:53:23 AM UTC
ttime		0	0	0	0	0	1	0	0	0	0	1		0		Wed 26 Sep 2018 07:53:53 AM UTC
ttime		0	0	0	0	0	1	0	0	0	0	1		0		Wed 26 Sep 2018 07:54:23 AM UTC
ttime		0	0	0	0	0	1	0	0	0	0	1		0		Wed 26 Sep 2018 07:54:53 AM UTC
ttime		0	0	0	0	0	1	0	0	0	0	1		0		Wed 26 Sep 2018 07:55:24 AM UTC
ttime		0	0	0	0	0	1	0	0	0	0	1		0		Wed 26 Sep 2018 07:55:54 AM UTC
ttime		0	0	0	0	0	1	0	0	0	0	1		0		Wed 26 Sep 2018 07:56:24 AM UTC
ttime		0	0	0	0	0	1	0	0	0	0	1		0		Wed 26 Sep 2018 07:56:54 AM UTC
ttime		0	0	0	0	0	1	0	0	0	0	1		0		Wed 26 Sep 2018 07:57:24 AM UTC
ttime		0	0	0	0	0	1	0	0	0	0	1		0		Wed 26 Sep 2018 07:57:54 AM UTC
ttime		0	0	0	0	0	1	0	0	0	0	1		0		Wed 26 Sep 2018 07:58:25 AM UTC
ttime		0	0	0	0	0	1	0	0	0	0	1		0		Wed 26 Sep 2018 07:58:55 AM UTC
ttime		0	0	0	0	0	1	0	0	0	0	1		0		Wed 26 Sep 2018 07:59:25 AM UTC
ttime		0	0	0	0	0	1	0	0	0	0	1		0		Wed 26 Sep 2018 07:59:55 AM UTC
ttime		0	0	0	0	0	1	0	0	0	0	1		0		Wed 26 Sep 2018 08:00:25 AM UTC
ttime		0	0	0	0	0	1	0	0	0	0	1		0		Wed 26 Sep 2018 08:00:55 AM UTC
ttime		0	0	0	0	0	1	0	0	0	0	1		0		Wed 26 Sep 2018 08:01:25 AM UTC
ttime		0	0	0	0	0	1	0	0	0	0	1		0		Wed 26 Sep 2018 08:01:56 AM UTC
ttime		0	0	0	0	0	1	0	0	0	0	1		0		Wed 26 Sep 2018 08:02:26 AM UTC
ttime		0	0	0	0	0	1	0	0	0	0	1		0		Wed 26 Sep 2018 08:02:56 AM UTC
ttime		0	0	0	0	0	1	0	0	0	0	1		0		Wed 26 Sep 2018 08:03:26 AM UTC
ttime		0	0	0	0	0	0	0	0	0	0	0		0		Wed 26 Sep 2018 08:03:56 AM UTC
ttime		0	0	0	0	0	0	0	0	0	0	0		0		Wed 26 Sep 2018 08:04:26 AM UTC
ttime		0	0	0	0	0	0	0	0	0	0	0		0		Wed 26 Sep 2018 08:04:57 AM UTC
