eresp		0	0	0	0	0	0	0	0	0	0	0		0		Wed 26 Sep 2018 08:36:54 AM UTC
eresp		0	0	0	0	0	0	0	0	0	0	0		0		Wed 26 Sep 2018 08:37:25 AM UTC
eresp		0	0	0	0	0	0	0	0	0	0	0		0		Wed 26 Sep 2018 08:37:55 AM UTC
eresp		0	0	0	0	0	0	0	0	0	0	0		0		Wed 26 Sep 2018 08:38:25 AM UTC
eresp		0	0	0	0	0	0	0	0	0	0	0		0		Wed 26 Sep 2018 08:38:55 AM UTC
eresp		0	0	0	0	0	0	0	0	0	0	0		0		Wed 26 Sep 2018 08:39:25 AM UTC
eresp		0	0	0	0	0	0	0	0	0	0	0		0		Wed 26 Sep 2018 08:39:55 AM UTC
eresp		0	0	0	0	0	0	0	0	0	0	0		0		Wed 26 Sep 2018 08:40:26 AM UTC
eresp		0	0	0	0	0	0	0	0	0	0	0		0		Wed 26 Sep 2018 08:40:56 AM UTC
eresp		0	0	0	0	0	0	0	0	0	0	0		0		Wed 26 Sep 2018 08:41:26 AM UTC
eresp		0	0	0	0	0	0	0	0	0	0	0		0		Wed 26 Sep 2018 08:41:56 AM UTC
eresp		0	0	0	0	0	0	0	0	0	0	0		0		Wed 26 Sep 2018 08:42:26 AM UTC
eresp		0	0	0	0	0	0	0	0	0	0	0		0		Wed 26 Sep 2018 08:42:56 AM UTC
eresp		0	0	0	0	0	0	0	0	0	0	0		0		Wed 26 Sep 2018 08:43:27 AM UTC
eresp		0	0	0	0	0	0	0	0	0	0	0		0		Wed 26 Sep 2018 08:43:57 AM UTC
eresp		0	0	0	0	0	0	0	0	0	0	0		0		Wed 26 Sep 2018 08:44:27 AM UTC
eresp		0	0	0	0	0	0	0	0	0	0	0		0		Wed 26 Sep 2018 08:44:57 AM UTC
eresp		0	0	0	0	0	0	0	0	0	0	0		0		Wed 26 Sep 2018 08:45:27 AM UTC
eresp		0	0	0	0	0	0	0	0	0	0	0		0		Wed 26 Sep 2018 08:45:57 AM UTC
eresp		0	0	0	0	0	0	0	0	0	0	0		0		Wed 26 Sep 2018 08:46:28 AM UTC
eresp		0	0	0	0	0	0	0	0	0	0	0		0		Wed 26 Sep 2018 08:46:58 AM UTC
eresp		0	0	0	0	0	0	0	0	0	0	0		0		Wed 26 Sep 2018 08:47:28 AM UTC
eresp		0	0	0	0	0	0	0	0	0	0	0		0		Wed 26 Sep 2018 08:47:58 AM UTC
eresp		0	0	0	0	0	0	0	0	0	0	0		0		Wed 26 Sep 2018 08:48:28 AM UTC
eresp		0	0	0	0	0	0	0	0	0	0	0		0		Wed 26 Sep 2018 08:48:58 AM UTC
eresp		0	0	0	0	0	0	0	0	0	0	0		0		Wed 26 Sep 2018 08:49:29 AM UTC
eresp		0	0	0	0	0	0	0	0	0	0	0		0		Wed 26 Sep 2018 08:49:59 AM UTC
eresp		0	0	0	0	0	0	0	0	0	0	0		0		Wed 26 Sep 2018 08:50:29 AM UTC
eresp		0	0	0	0	0	0	0	0	0	0	0		0		Wed 26 Sep 2018 08:50:59 AM UTC
eresp		0	0	0	0	0	0	0	0	0	0	0		0		Wed 26 Sep 2018 08:51:29 AM UTC
eresp		0	0	0	0	0	0	0	0	0	0	0		0		Wed 26 Sep 2018 08:51:59 AM UTC
eresp		0	0	0	0	0	0	0	0	0	0	0		0		Wed 26 Sep 2018 08:52:30 AM UTC
eresp		0	0	0	0	0	0	0	0	0	0	0		0		Wed 26 Sep 2018 08:53:00 AM UTC
eresp		0	0	0	0	0	0	0	0	0	0	0		0		Wed 26 Sep 2018 08:53:30 AM UTC
eresp		0	0	0	0	0	0	0	0	0	0	0		0		Wed 26 Sep 2018 08:54:00 AM UTC
eresp		0	0	0	0	0	0	0	0	0	0	0		0		Wed 26 Sep 2018 08:54:30 AM UTC
eresp		0	0	0	0	0	0	0	0	0	0	0		0		Wed 26 Sep 2018 08:55:01 AM UTC
eresp		0	0	0	0	0	0	0	0	0	0	0		0		Wed 26 Sep 2018 08:55:31 AM UTC
eresp		0	0	0	0	0	0	0	0	0	0	0		0		Wed 26 Sep 2018 08:56:01 AM UTC
eresp		0	0	0	0	0	0	0	0	0	0	0		0		Wed 26 Sep 2018 08:56:31 AM UTC
eresp		0	0	0	0	0	0	0	0	0	0	0		0		Wed 26 Sep 2018 08:57:01 AM UTC
eresp		0	0	0	0	0	0	0	0	0	0	0		0		Wed 26 Sep 2018 08:57:31 AM UTC
eresp		0	0	0	0	0	0	0	0	0	0	0		0		Wed 26 Sep 2018 08:58:02 AM UTC
eresp		0	0	0	0	0	0	0	0	0	0	0		0		Wed 26 Sep 2018 08:58:32 AM UTC
eresp		0	0	0	0	0	0	0	0	0	0	0		0		Wed 26 Sep 2018 08:59:02 AM UTC
eresp		0	0	0	0	0	0	0	0	0	0	0		0		Wed 26 Sep 2018 08:59:32 AM UTC
eresp		0	0	0	0	0	0	0	0	0	0	0		0		Wed 26 Sep 2018 09:00:02 AM UTC
eresp		0	0	0	0	0	0	0	0	0	0	0		0		Wed 26 Sep 2018 09:00:32 AM UTC
eresp		0	0	0	0	0	0	0	0	0	0	0		0		Wed 26 Sep 2018 09:01:03 AM UTC
eresp		0	0	0	0	0	0	0	0	0	0	0		0		Wed 26 Sep 2018 09:01:33 AM UTC
eresp		0	0	0	0	0	0	0	0	0	0	0		0		Wed 26 Sep 2018 09:02:03 AM UTC
eresp		0	0	0	0	0	0	0	0	0	0	0		0		Wed 26 Sep 2018 09:02:33 AM UTC
eresp		0	0	0	0	0	0	0	0	0	0	0		0		Wed 26 Sep 2018 09:03:03 AM UTC
eresp		0	0	0	0	0	0	0	0	0	0	0		0		Wed 26 Sep 2018 09:03:34 AM UTC
eresp		0	0	0	0	0	0	0	0	0	0	0		0		Wed 26 Sep 2018 09:04:04 AM UTC
eresp		0	0	0	0	0	0	0	0	0	0	0		0		Wed 26 Sep 2018 09:04:34 AM UTC
eresp		0	0	0	0	0	0	0	0	0	0	0		0		Wed 26 Sep 2018 09:05:04 AM UTC
eresp		0	0	0	0	0	0	0	0	0	0	0		0		Wed 26 Sep 2018 09:05:34 AM UTC
eresp		0	0	0	0	0	0	0	0	0	0	0		0		Wed 26 Sep 2018 09:06:04 AM UTC
eresp		0	0	0	0	0	0	0	0	0	0	0		0		Wed 26 Sep 2018 09:06:35 AM UTC
eresp		0	0	0	0	0	0	0	0	0	0	0		0		Wed 26 Sep 2018 09:07:05 AM UTC
eresp		0	0	0	0	0	0	0	0	0	0	0		0		Wed 26 Sep 2018 09:07:35 AM UTC
eresp		0	0	0	0	0	0	0	0	0	0	0		0		Wed 26 Sep 2018 09:08:05 AM UTC
eresp		0	0	0	0	0	0	0	0	0	0	0		0		Wed 26 Sep 2018 09:08:35 AM UTC
eresp		0	0	0	0	0	0	0	0	0	0	0		0		Wed 26 Sep 2018 09:09:05 AM UTC
eresp		0	0	0	0	0	0	0	0	0	0	0		0		Wed 26 Sep 2018 09:09:36 AM UTC
eresp		0	0	0	0	0	0	0	0	0	0	0		0		Wed 26 Sep 2018 09:10:06 AM UTC
eresp		0	0	0	0	0	0	0	0	0	0	0		0		Wed 26 Sep 2018 09:10:36 AM UTC
eresp		0	0	0	0	0	0	0	0	0	0	0		0		Wed 26 Sep 2018 09:11:06 AM UTC
eresp		0	0	0	0	0	0	0	0	0	0	0		0		Wed 26 Sep 2018 09:11:36 AM UTC
eresp		0	0	0	0	0	0	0	0	0	0	0		0		Wed 26 Sep 2018 09:12:07 AM UTC
eresp		0	0	0	0	0	0	0	0	0	0	0		0		Wed 26 Sep 2018 09:12:37 AM UTC
eresp		0	0	0	0	0	0	0	0	0	0	0		0		Wed 26 Sep 2018 09:13:07 AM UTC
eresp		0	0	0	0	0	0	0	0	0	0	0		0		Wed 26 Sep 2018 09:13:37 AM UTC
eresp		0	0	0	0	0	0	0	0	0	0	0		0		Wed 26 Sep 2018 09:14:07 AM UTC
eresp		0	0	0	0	0	0	0	0	0	0	0		0		Wed 26 Sep 2018 09:14:38 AM UTC
eresp		0	0	0	0	0	0	0	0	0	0	0		0		Wed 26 Sep 2018 09:15:08 AM UTC
eresp		0	0	0	0	0	0	0	0	0	0	0		0		Wed 26 Sep 2018 09:15:38 AM UTC
eresp		0	0	0	0	0	0	0	0	0	0	0		0		Wed 26 Sep 2018 09:16:08 AM UTC
eresp		0	0	0	0	0	0	0	0	0	0	0		0		Wed 26 Sep 2018 09:16:38 AM UTC
eresp		0	0	0	0	0	0	0	0	0	0	0		0		Wed 26 Sep 2018 09:17:08 AM UTC
eresp		0	0	0	0	0	0	0	0	0	0	0		0		Wed 26 Sep 2018 09:17:39 AM UTC
eresp		0	0	0	0	0	0	0	0	0	0	0		0		Wed 26 Sep 2018 09:18:09 AM UTC
eresp		0	0	0	0	0	0	0	0	0	0	0		0		Wed 26 Sep 2018 09:18:39 AM UTC
eresp		0	0	0	0	0	0	0	0	0	0	0		0		Wed 26 Sep 2018 09:19:09 AM UTC
eresp		0	0	0	0	0	0	0	0	0	0	0		0		Wed 26 Sep 2018 09:19:39 AM UTC
eresp		0	0	0	0	0	0	0	0	0	0	0		0		Wed 26 Sep 2018 09:20:10 AM UTC
eresp		0	0	0	0	0	0	0	0	0	0	0		0		Wed 26 Sep 2018 09:20:40 AM UTC
eresp		0	0	0	0	0	0	0	0	0	0	0		0		Wed 26 Sep 2018 09:21:10 AM UTC
eresp		0	0	0	0	0	0	0	0	0	0	0		0		Wed 26 Sep 2018 09:21:40 AM UTC
eresp		0	0	0	0	0	0	0	0	0	0	0		0		Wed 26 Sep 2018 09:22:10 AM UTC
eresp		0	0	0	0	0	0	0	0	0	0	0		0		Wed 26 Sep 2018 09:22:40 AM UTC
eresp		0	0	0	0	0	0	0	0	0	0	0		0		Wed 26 Sep 2018 09:23:11 AM UTC
eresp		0	0	0	0	0	0	0	0	0	0	0		0		Wed 26 Sep 2018 09:23:41 AM UTC
eresp		0	0	0	0	0	0	0	0	0	0	0		0		Wed 26 Sep 2018 09:24:11 AM UTC
eresp		0	0	0	0	0	0	0	0	0	0	0		0		Wed 26 Sep 2018 09:24:41 AM UTC
eresp		0	0	0	0	0	0	0	0	0	0	0		0		Wed 26 Sep 2018 09:25:11 AM UTC
eresp		0	0	0	0	0	0	0	0	0	0	0		0		Wed 26 Sep 2018 09:25:42 AM UTC
eresp		0	0	0	0	0	0	0	0	0	0	0		0		Wed 26 Sep 2018 09:26:12 AM UTC
eresp		0	0	0	0	0	0	0	0	0	0	0		0		Wed 26 Sep 2018 09:26:42 AM UTC
eresp		0	0	0	0	0	0	0	0	0	0	0		0		Wed 26 Sep 2018 09:27:12 AM UTC
eresp		0	0	0	0	0	0	0	0	0	0	0		0		Wed 26 Sep 2018 09:27:42 AM UTC
eresp		0	0	0	0	0	0	0	0	0	0	0		0		Wed 26 Sep 2018 09:28:13 AM UTC
eresp		0	0	0	0	0	0	0	0	0	0	0		0		Wed 26 Sep 2018 09:28:43 AM UTC
eresp		0	0	0	0	0	0	0	0	0	0	0		0		Wed 26 Sep 2018 09:29:13 AM UTC
eresp		0	0	0	0	0	0	0	0	0	0	0		0		Wed 26 Sep 2018 09:29:43 AM UTC
eresp		0	0	0	0	0	0	0	0	0	0	0		0		Wed 26 Sep 2018 09:30:14 AM UTC
eresp		0	0	0	0	0	0	0	0	0	0	0		0		Wed 26 Sep 2018 09:30:44 AM UTC
eresp		0	0	0	0	0	0	0	0	0	0	0		0		Wed 26 Sep 2018 09:31:14 AM UTC
eresp		0	0	0	0	0	0	0	0	0	0	0		0		Wed 26 Sep 2018 09:31:44 AM UTC
eresp		0	0	0	0	0	0	0	0	0	0	0		0		Wed 26 Sep 2018 09:32:15 AM UTC
eresp		0	0	0	0	0	0	0	0	0	0	0		0		Wed 26 Sep 2018 09:32:45 AM UTC
eresp		0	0	0	0	0	0	0	0	0	0	0		0		Wed 26 Sep 2018 09:33:15 AM UTC
eresp		0	0	0	0	0	0	0	0	0	0	0		0		Wed 26 Sep 2018 09:33:46 AM UTC
eresp		0	0	0	0	0	0	0	0	0	0	0		0		Wed 26 Sep 2018 09:34:16 AM UTC
eresp		0	0	0	0	0	0	0	0	0	0	0		0		Wed 26 Sep 2018 09:34:46 AM UTC
eresp		0	0	0	0	0	0	0	0	0	0	0		0		Wed 26 Sep 2018 09:35:16 AM UTC
eresp		0	0	0	0	0	0	0	0	0	0	0		0		Wed 26 Sep 2018 09:35:46 AM UTC
eresp		0	0	0	0	0	0	0	0	0	0	0		0		Wed 26 Sep 2018 09:36:17 AM UTC
eresp		0	0	0	0	0	0	0	0	0	0	0		0		Wed 26 Sep 2018 09:36:47 AM UTC
eresp		0	0	0	0	0	0	0	0	0	0	0		0		Wed 26 Sep 2018 09:37:17 AM UTC
eresp		0	0	0	0	0	0	0	0	0	0	0		0		Wed 26 Sep 2018 09:37:47 AM UTC
eresp		0	0	0	0	0	0	0	0	0	0	0		0		Wed 26 Sep 2018 09:38:17 AM UTC
eresp		0	0	0	0	0	0	0	0	0	0	0		0		Wed 26 Sep 2018 09:38:47 AM UTC
eresp		0	0	0	0	0	0	0	0	0	0	0		0		Wed 26 Sep 2018 09:39:18 AM UTC
eresp		0	0	0	0	0	0	0	0	0	0	0		0		Wed 26 Sep 2018 09:39:48 AM UTC
eresp		0	0	0	0	0	0	0	0	0	0	0		0		Wed 26 Sep 2018 09:40:18 AM UTC
eresp		0	0	0	0	0	0	0	0	0	0	0		0		Wed 26 Sep 2018 09:40:48 AM UTC
eresp		0	0	0	0	0	0	0	0	0	0	0		0		Wed 26 Sep 2018 09:41:18 AM UTC
eresp		0	0	0	0	0	0	0	0	0	0	0		0		Wed 26 Sep 2018 09:41:49 AM UTC
eresp		0	0	0	0	0	0	0	0	0	0	0		0		Wed 26 Sep 2018 09:42:19 AM UTC
eresp		0	0	0	0	0	0	0	1	0	0	1		0		Wed 26 Sep 2018 09:42:49 AM UTC
eresp		0	0	0	0	0	0	0	1	0	0	1		0		Wed 26 Sep 2018 09:43:19 AM UTC
eresp		0	0	0	0	0	0	0	1	0	0	1		0		Wed 26 Sep 2018 09:43:49 AM UTC
eresp		0	0	0	0	0	0	0	1	0	0	1		0		Wed 26 Sep 2018 09:44:19 AM UTC
eresp		0	0	0	0	0	0	0	1	0	0	1		0		Wed 26 Sep 2018 09:44:50 AM UTC
eresp		0	0	0	0	0	0	0	1	0	0	1		0		Wed 26 Sep 2018 09:45:20 AM UTC
eresp		0	0	0	0	0	0	0	1	0	0	1		0		Wed 26 Sep 2018 09:45:50 AM UTC
eresp		0	0	0	0	0	0	0	1	0	0	1		0		Wed 26 Sep 2018 09:46:20 AM UTC
eresp		0	0	0	0	0	0	0	1	0	0	1		0		Wed 26 Sep 2018 09:46:50 AM UTC
eresp		0	0	0	0	0	0	0	1	0	0	1		0		Wed 26 Sep 2018 09:47:21 AM UTC
eresp		0	0	0	0	0	0	0	1	0	0	1		0		Wed 26 Sep 2018 09:47:51 AM UTC
eresp		0	0	0	0	0	0	0	1	0	0	1		0		Wed 26 Sep 2018 09:48:21 AM UTC
eresp		0	0	0	0	0	0	0	1	0	0	1		0		Wed 26 Sep 2018 09:48:51 AM UTC
eresp		0	0	0	0	0	0	0	1	0	0	1		0		Wed 26 Sep 2018 09:49:21 AM UTC
eresp		0	0	0	0	0	0	0	1	0	0	1		0		Wed 26 Sep 2018 09:49:52 AM UTC
eresp		0	0	0	0	0	0	0	1	0	0	1		0		Wed 26 Sep 2018 09:50:22 AM UTC
eresp		0	0	0	0	0	0	0	1	0	0	1		0		Wed 26 Sep 2018 09:50:52 AM UTC
eresp		0	0	0	0	0	0	0	1	0	0	1		0		Wed 26 Sep 2018 09:51:22 AM UTC
eresp		0	0	0	0	0	0	0	1	0	0	1		0		Wed 26 Sep 2018 09:51:52 AM UTC
eresp		0	0	0	0	0	0	0	1	0	0	1		0		Wed 26 Sep 2018 09:52:23 AM UTC
eresp		0	0	0	0	0	0	0	1	0	0	1		0		Wed 26 Sep 2018 09:52:53 AM UTC
eresp		0	0	0	0	0	0	0	1	0	0	1		0		Wed 26 Sep 2018 09:53:23 AM UTC
eresp		0	0	0	0	0	0	0	1	0	0	1		0		Wed 26 Sep 2018 09:53:53 AM UTC
eresp		0	0	0	0	0	0	0	1	0	0	1		0		Wed 26 Sep 2018 09:54:23 AM UTC
eresp		0	0	0	0	0	0	0	1	0	0	1		0		Wed 26 Sep 2018 09:54:54 AM UTC
eresp		0	0	0	0	0	0	0	1	0	0	1		0		Wed 26 Sep 2018 09:55:24 AM UTC
eresp		0	0	0	0	0	0	0	1	0	0	1		0		Wed 26 Sep 2018 09:55:54 AM UTC
eresp		0	0	0	0	0	0	0	1	0	0	1		0		Wed 26 Sep 2018 09:56:24 AM UTC
eresp		0	0	0	0	0	0	0	1	0	0	1		0		Wed 26 Sep 2018 09:56:54 AM UTC
eresp		0	0	0	0	0	0	0	1	0	0	1		0		Wed 26 Sep 2018 09:57:25 AM UTC
eresp		0	0	0	0	0	0	0	1	0	0	1		0		Wed 26 Sep 2018 09:57:55 AM UTC
eresp		0	0	0	0	0	0	0	1	0	0	1		0		Wed 26 Sep 2018 09:58:25 AM UTC
eresp		0	0	0	0	0	0	0	1	0	0	1		0		Wed 26 Sep 2018 09:58:55 AM UTC
eresp		0	0	0	0	0	0	0	1	0	0	1		0		Wed 26 Sep 2018 09:59:25 AM UTC
eresp		0	0	0	0	0	0	0	1	0	0	1		0		Wed 26 Sep 2018 09:59:56 AM UTC
eresp		0	0	0	0	0	0	0	1	0	0	1		0		Wed 26 Sep 2018 10:00:26 AM UTC
eresp		0	0	0	0	0	0	0	1	0	0	1		0		Wed 26 Sep 2018 10:00:56 AM UTC
eresp		0	0	0	0	0	0	0	1	0	0	1		0		Wed 26 Sep 2018 10:01:26 AM UTC
eresp		0	0	0	0	0	0	0	1	0	0	1		0		Wed 26 Sep 2018 10:01:57 AM UTC
eresp		0	0	0	0	0	0	0	1	0	0	1		0		Wed 26 Sep 2018 10:02:27 AM UTC
eresp		0	0	0	0	0	0	0	1	0	0	1		0		Wed 26 Sep 2018 10:02:57 AM UTC
eresp		0	0	0	0	0	0	0	1	0	0	1		0		Wed 26 Sep 2018 10:03:27 AM UTC
eresp		0	0	0	0	0	0	0	1	0	0	1		0		Wed 26 Sep 2018 10:03:57 AM UTC
eresp		0	0	0	0	0	0	0	1	0	0	1		0		Wed 26 Sep 2018 10:04:28 AM UTC
eresp		0	0	0	0	0	0	0	1	0	0	1		0		Wed 26 Sep 2018 10:04:58 AM UTC
eresp		0	0	0	0	0	0	0	1	0	0	1		0		Wed 26 Sep 2018 10:05:28 AM UTC
eresp		0	0	0	0	0	0	0	1	0	0	1		0		Wed 26 Sep 2018 10:05:58 AM UTC
eresp		0	0	0	0	0	0	0	1	0	0	1		0		Wed 26 Sep 2018 10:06:28 AM UTC
eresp		0	0	0	0	0	0	0	1	0	0	1		0		Wed 26 Sep 2018 10:06:59 AM UTC
eresp		0	0	0	0	0	0	0	1	0	0	1		0		Wed 26 Sep 2018 10:07:29 AM UTC
eresp		0	0	0	0	0	0	0	1	0	0	1		0		Wed 26 Sep 2018 10:07:59 AM UTC
eresp		0	0	0	0	0	0	0	1	0	0	1		0		Wed 26 Sep 2018 10:08:29 AM UTC
eresp		0	0	0	0	0	0	0	1	0	0	1		0		Wed 26 Sep 2018 10:08:59 AM UTC
eresp		0	0	0	0	0	0	0	1	0	0	1		0		Wed 26 Sep 2018 10:09:30 AM UTC
eresp		0	0	0	0	0	0	0	1	0	0	1		0		Wed 26 Sep 2018 10:10:00 AM UTC
eresp		0	0	0	0	0	0	0	1	0	0	1		0		Wed 26 Sep 2018 10:10:30 AM UTC
eresp		0	0	0	0	0	0	0	1	0	0	1		0		Wed 26 Sep 2018 10:11:00 AM UTC
eresp		0	0	0	0	0	0	0	1	0	0	1		0		Wed 26 Sep 2018 10:11:31 AM UTC
eresp		0	0	0	0	0	0	0	1	0	0	1		0		Wed 26 Sep 2018 10:12:01 AM UTC
eresp		0	0	0	0	0	0	0	1	0	0	1		0		Wed 26 Sep 2018 10:12:31 AM UTC
eresp		0	0	0	0	0	0	0	1	0	0	1		0		Wed 26 Sep 2018 10:13:01 AM UTC
eresp		0	0	0	0	0	0	0	1	0	0	1		0		Wed 26 Sep 2018 10:13:31 AM UTC
eresp		0	0	0	0	0	0	0	1	0	0	1		0		Wed 26 Sep 2018 10:14:02 AM UTC
eresp		0	0	0	0	0	0	0	1	0	0	1		0		Wed 26 Sep 2018 10:14:32 AM UTC
eresp		0	0	0	0	0	0	0	1	0	0	1		0		Wed 26 Sep 2018 10:15:02 AM UTC
eresp		0	0	0	0	0	0	0	1	0	0	1		0		Wed 26 Sep 2018 10:15:32 AM UTC
eresp		0	0	0	0	0	0	0	1	0	0	1		0		Wed 26 Sep 2018 10:16:02 AM UTC
eresp		0	0	0	0	0	0	0	1	0	0	1		0		Wed 26 Sep 2018 10:16:33 AM UTC
eresp		0	0	0	0	0	0	0	1	0	0	1		0		Wed 26 Sep 2018 10:17:03 AM UTC
eresp		0	0	0	0	0	0	0	1	0	0	1		0		Wed 26 Sep 2018 10:17:33 AM UTC
eresp		0	0	0	0	0	0	0	1	0	0	1		0		Wed 26 Sep 2018 10:18:03 AM UTC
eresp		0	0	0	0	0	0	0	1	0	0	1		0		Wed 26 Sep 2018 10:18:33 AM UTC
eresp		0	0	0	0	0	0	0	1	0	0	1		0		Wed 26 Sep 2018 10:19:04 AM UTC
eresp		0	0	0	0	0	0	0	1	0	0	1		0		Wed 26 Sep 2018 10:19:34 AM UTC
eresp		0	0	0	0	0	0	0	1	0	0	1		0		Wed 26 Sep 2018 10:20:04 AM UTC
eresp		0	0	0	0	0	0	0	1	0	0	1		0		Wed 26 Sep 2018 10:20:34 AM UTC
eresp		0	0	0	0	0	0	0	1	0	0	1		0		Wed 26 Sep 2018 10:21:04 AM UTC
eresp		0	0	0	0	0	0	0	1	0	0	1		0		Wed 26 Sep 2018 10:21:35 AM UTC
eresp		0	0	0	0	0	0	0	1	0	0	1		0		Wed 26 Sep 2018 10:22:05 AM UTC
eresp		0	0	0	0	0	0	0	1	0	0	1		0		Wed 26 Sep 2018 10:22:35 AM UTC
eresp		0	0	0	0	0	0	0	1	0	0	1		0		Wed 26 Sep 2018 10:23:05 AM UTC
eresp		0	0	0	0	0	0	0	1	0	0	1		0		Wed 26 Sep 2018 10:23:35 AM UTC
eresp		0	0	0	0	0	0	0	1	0	0	1		0		Wed 26 Sep 2018 10:24:06 AM UTC
eresp		0	0	0	0	0	0	0	1	0	0	1		0		Wed 26 Sep 2018 10:24:36 AM UTC
eresp		0	0	0	0	0	0	0	1	0	0	1		0		Wed 26 Sep 2018 10:25:06 AM UTC
eresp		0	0	0	0	0	0	0	1	0	0	1		0		Wed 26 Sep 2018 10:25:36 AM UTC
eresp		0	0	0	0	0	0	0	1	0	0	1		0		Wed 26 Sep 2018 10:26:06 AM UTC
eresp		0	0	0	0	0	0	0	1	0	0	1		0		Wed 26 Sep 2018 10:26:37 AM UTC
eresp		0	0	0	0	0	0	0	1	0	0	1		0		Wed 26 Sep 2018 10:27:07 AM UTC
eresp		0	0	0	0	0	0	0	1	0	0	1		0		Wed 26 Sep 2018 10:27:37 AM UTC
eresp		0	0	0	0	0	0	0	1	0	0	1		0		Wed 26 Sep 2018 10:28:07 AM UTC
eresp		0	0	0	0	0	0	0	1	0	0	1		0		Wed 26 Sep 2018 10:28:37 AM UTC
eresp		0	0	0	0	0	0	0	1	0	0	1		0		Wed 26 Sep 2018 10:29:08 AM UTC
eresp		0	0	0	0	0	0	0	1	0	0	1		0		Wed 26 Sep 2018 10:29:38 AM UTC
eresp		0	0	0	0	0	0	0	1	0	0	1		0		Wed 26 Sep 2018 10:30:08 AM UTC
eresp		0	0	0	0	0	0	0	1	0	0	1		0		Wed 26 Sep 2018 10:30:38 AM UTC
eresp		0	0	0	0	0	0	0	1	0	0	1		0		Wed 26 Sep 2018 10:31:08 AM UTC
eresp		0	0	0	0	0	0	0	1	0	0	1		0		Wed 26 Sep 2018 10:31:38 AM UTC
eresp		0	0	0	0	0	0	0	1	0	0	1		0		Wed 26 Sep 2018 10:32:09 AM UTC
eresp		0	0	0	0	0	0	0	1	0	0	1		0		Wed 26 Sep 2018 10:32:39 AM UTC
eresp		0	0	0	0	0	0	0	1	0	0	1		0		Wed 26 Sep 2018 10:33:09 AM UTC
eresp		0	0	0	0	0	0	0	1	0	0	1		0		Wed 26 Sep 2018 10:33:39 AM UTC
eresp		0	0	0	0	0	0	0	1	0	0	1		0		Wed 26 Sep 2018 10:34:09 AM UTC
eresp		0	0	0	0	0	0	0	1	0	0	1		0		Wed 26 Sep 2018 10:34:40 AM UTC
eresp		0	0	0	0	0	0	0	1	0	0	1		0		Wed 26 Sep 2018 10:35:10 AM UTC
eresp		0	0	0	0	0	0	0	1	0	0	1		0		Wed 26 Sep 2018 10:35:40 AM UTC
eresp		0	0	0	0	0	0	0	1	0	0	1		0		Wed 26 Sep 2018 10:36:10 AM UTC
eresp		0	0	0	0	0	0	0	1	0	0	1		0		Wed 26 Sep 2018 10:36:40 AM UTC
eresp		0	0	0	0	0	0	0	1	0	0	1		0		Wed 26 Sep 2018 10:37:11 AM UTC
eresp		0	0	0	0	0	0	0	1	0	0	1		0		Wed 26 Sep 2018 10:37:41 AM UTC
eresp		0	0	0	0	0	0	0	1	0	0	1		0		Wed 26 Sep 2018 10:38:11 AM UTC
eresp		0	0	0	0	0	0	0	1	0	0	1		0		Wed 26 Sep 2018 10:38:41 AM UTC
eresp		0	0	0	0	0	0	0	1	0	0	1		0		Wed 26 Sep 2018 10:39:11 AM UTC
eresp		0	0	0	0	0	0	0	1	0	0	1		0		Wed 26 Sep 2018 10:39:41 AM UTC
eresp		0	0	0	0	0	0	0	1	0	0	1		0		Wed 26 Sep 2018 10:40:12 AM UTC
eresp		0	0	0	0	0	0	0	1	0	0	1		0		Wed 26 Sep 2018 10:40:42 AM UTC
eresp		0	0	0	0	0	0	0	1	0	0	1		0		Wed 26 Sep 2018 10:41:12 AM UTC
eresp		0	0	0	0	0	0	0	1	0	0	1		0		Wed 26 Sep 2018 10:41:42 AM UTC
eresp		0	0	0	0	0	0	0	1	0	0	1		0		Wed 26 Sep 2018 10:42:12 AM UTC
eresp		0	0	0	0	0	0	0	1	0	0	1		0		Wed 26 Sep 2018 10:42:43 AM UTC
eresp		0	0	0	0	0	0	0	1	0	0	1		0		Wed 26 Sep 2018 10:43:13 AM UTC
eresp		0	0	0	0	0	0	0	1	0	0	1		0		Wed 26 Sep 2018 10:43:43 AM UTC
eresp		0	0	0	0	0	0	0	1	0	0	1		0		Wed 26 Sep 2018 10:44:13 AM UTC
eresp		0	0	0	0	0	0	0	1	0	0	1		0		Wed 26 Sep 2018 10:44:43 AM UTC
eresp		0	0	0	0	0	0	0	1	0	0	1		0		Wed 26 Sep 2018 10:45:13 AM UTC
eresp		0	0	0	0	0	0	0	1	0	0	1		0		Wed 26 Sep 2018 10:45:44 AM UTC
eresp		0	0	0	0	0	0	0	1	0	0	1		0		Wed 26 Sep 2018 10:46:14 AM UTC
eresp		0	0	0	0	0	0	0	1	0	0	1		0		Wed 26 Sep 2018 10:46:44 AM UTC
eresp		0	0	0	0	0	0	0	1	0	0	1		0		Wed 26 Sep 2018 10:47:14 AM UTC
eresp		0	0	0	0	0	0	0	1	0	0	1		0		Wed 26 Sep 2018 10:47:44 AM UTC
eresp		0	0	0	0	0	0	0	1	0	0	1		0		Wed 26 Sep 2018 10:48:15 AM UTC
eresp		0	0	0	0	0	0	0	1	0	0	1		0		Wed 26 Sep 2018 10:48:45 AM UTC
eresp		0	0	0	0	0	0	0	1	0	0	1		0		Wed 26 Sep 2018 10:49:15 AM UTC
eresp		0	0	0	0	0	0	0	1	0	0	1		0		Wed 26 Sep 2018 10:49:45 AM UTC
eresp		0	0	0	0	0	0	0	1	0	0	1		0		Wed 26 Sep 2018 10:50:15 AM UTC
eresp		0	0	0	0	0	0	0	1	0	0	1		0		Wed 26 Sep 2018 10:50:46 AM UTC
eresp		0	0	0	0	0	0	0	1	0	0	1		0		Wed 26 Sep 2018 10:51:16 AM UTC
eresp		0	0	0	0	0	0	0	1	0	0	1		0		Wed 26 Sep 2018 10:51:46 AM UTC
eresp		0	0	0	0	0	0	0	1	0	0	1		0		Wed 26 Sep 2018 10:52:16 AM UTC
eresp		0	0	0	0	0	0	0	1	0	0	1		0		Wed 26 Sep 2018 10:52:46 AM UTC
eresp		0	0	0	0	0	0	0	1	0	0	1		0		Wed 26 Sep 2018 10:53:16 AM UTC
eresp		0	0	0	0	0	0	0	1	0	0	1		0		Wed 26 Sep 2018 10:53:47 AM UTC
eresp		0	0	0	0	0	0	0	1	0	0	1		0		Wed 26 Sep 2018 10:54:17 AM UTC
eresp		0	0	0	0	0	0	0	1	0	0	1		0		Wed 26 Sep 2018 10:54:47 AM UTC
eresp		0	0	0	0	0	0	0	1	0	0	1		0		Wed 26 Sep 2018 10:55:17 AM UTC
eresp		0	0	0	0	0	0	0	1	0	0	1		0		Wed 26 Sep 2018 10:55:47 AM UTC
eresp		0	0	0	0	0	0	0	1	0	0	1		0		Wed 26 Sep 2018 10:56:17 AM UTC
eresp		0	0	0	0	0	0	0	1	0	0	1		0		Wed 26 Sep 2018 10:56:48 AM UTC
eresp		0	0	0	0	0	0	0	1	0	0	1		0		Wed 26 Sep 2018 10:57:18 AM UTC
eresp		0	0	0	0	0	0	0	1	0	0	1		0		Wed 26 Sep 2018 10:57:48 AM UTC
eresp		0	0	0	0	0	0	0	1	0	0	1		0		Wed 26 Sep 2018 10:58:18 AM UTC
eresp		0	0	0	0	0	0	0	1	0	0	1		0		Wed 26 Sep 2018 10:58:48 AM UTC
eresp		0	0	0	0	0	0	0	1	0	0	1		0		Wed 26 Sep 2018 10:59:19 AM UTC
eresp		0	0	0	0	0	0	0	1	0	0	1		0		Wed 26 Sep 2018 10:59:49 AM UTC
eresp		0	0	0	0	0	0	0	1	0	0	1		0		Wed 26 Sep 2018 11:00:19 AM UTC
eresp		0	0	0	0	0	0	0	1	0	0	1		0		Wed 26 Sep 2018 11:00:49 AM UTC
eresp		0	0	0	0	0	0	0	1	0	0	1		0		Wed 26 Sep 2018 11:01:19 AM UTC
eresp		0	0	0	0	0	0	0	1	0	0	1		0		Wed 26 Sep 2018 11:01:49 AM UTC
eresp		0	0	0	0	0	0	0	1	0	0	1		0		Wed 26 Sep 2018 11:02:20 AM UTC
eresp		0	0	0	0	0	0	0	1	0	0	1		0		Wed 26 Sep 2018 11:02:50 AM UTC
eresp		0	0	0	0	0	0	0	1	0	0	1		0		Wed 26 Sep 2018 11:03:20 AM UTC
eresp		0	0	0	0	0	0	0	1	0	0	1		0		Wed 26 Sep 2018 11:03:50 AM UTC
eresp		0	0	0	0	0	0	0	1	0	0	1		0		Wed 26 Sep 2018 11:04:20 AM UTC
eresp		0	0	0	0	0	0	0	1	0	0	1		0		Wed 26 Sep 2018 11:04:50 AM UTC
eresp		0	0	0	0	0	0	0	1	0	0	1		0		Wed 26 Sep 2018 11:05:21 AM UTC
eresp		0	0	0	0	0	0	0	1	0	0	1		0		Wed 26 Sep 2018 11:05:51 AM UTC
eresp		0	0	0	0	0	0	0	1	0	0	1		0		Wed 26 Sep 2018 11:06:21 AM UTC
eresp		0	0	0	0	0	0	0	1	0	0	1		0		Wed 26 Sep 2018 11:06:51 AM UTC
eresp		0	0	0	0	0	0	0	1	0	0	1		0		Wed 26 Sep 2018 11:07:21 AM UTC
eresp		0	0	0	0	0	0	0	1	0	0	1		0		Wed 26 Sep 2018 11:07:51 AM UTC
eresp		0	0	0	0	0	0	0	1	0	0	1		0		Wed 26 Sep 2018 11:08:22 AM UTC
eresp		0	0	0	0	0	0	0	1	0	0	1		0		Wed 26 Sep 2018 11:08:52 AM UTC
eresp		0	0	0	0	0	0	0	1	0	0	1		0		Wed 26 Sep 2018 11:09:22 AM UTC
eresp		0	0	0	0	0	0	0	1	0	0	1		0		Wed 26 Sep 2018 11:09:52 AM UTC
eresp		0	0	0	0	0	0	0	1	0	0	1		0		Wed 26 Sep 2018 11:10:22 AM UTC
eresp		0	0	0	0	0	0	0	1	0	0	1		0		Wed 26 Sep 2018 11:10:53 AM UTC
eresp		0	0	0	0	0	0	0	1	0	0	1		0		Wed 26 Sep 2018 11:11:23 AM UTC
eresp		0	0	0	0	0	0	0	1	0	0	1		0		Wed 26 Sep 2018 11:11:53 AM UTC
eresp		0	0	0	0	0	0	0	1	0	0	1		0		Wed 26 Sep 2018 11:12:23 AM UTC
eresp		0	0	0	0	0	0	0	1	0	0	1		0		Wed 26 Sep 2018 11:12:53 AM UTC
eresp		0	0	0	0	0	0	0	1	0	0	1		0		Wed 26 Sep 2018 11:13:23 AM UTC
eresp		0	0	0	0	0	0	0	1	0	0	1		0		Wed 26 Sep 2018 11:13:54 AM UTC
eresp		0	0	0	0	0	0	0	1	0	0	1		0		Wed 26 Sep 2018 11:14:24 AM UTC
eresp		0	0	0	0	0	0	0	1	0	0	1		0		Wed 26 Sep 2018 11:14:54 AM UTC
eresp		0	0	0	0	0	0	0	1	0	0	1		0		Wed 26 Sep 2018 11:15:24 AM UTC
eresp		0	0	0	0	0	0	0	1	0	0	1		0		Wed 26 Sep 2018 11:15:54 AM UTC
eresp		0	0	0	0	0	0	0	1	0	0	1		0		Wed 26 Sep 2018 11:16:24 AM UTC
eresp		0	0	0	0	0	0	0	1	0	0	1		0		Wed 26 Sep 2018 11:16:55 AM UTC
eresp		0	0	0	0	0	0	0	1	0	0	1		0		Wed 26 Sep 2018 11:17:25 AM UTC
eresp		0	0	0	0	0	0	0	1	0	0	1		0		Wed 26 Sep 2018 11:17:55 AM UTC
eresp		0	0	0	0	0	0	0	1	0	0	1		0		Wed 26 Sep 2018 11:18:25 AM UTC
eresp		0	0	0	0	0	0	0	1	0	0	1		0		Wed 26 Sep 2018 11:18:55 AM UTC
eresp		0	0	0	0	0	0	0	1	0	0	1		0		Wed 26 Sep 2018 11:19:25 AM UTC
eresp		0	0	0	0	0	0	0	1	0	0	1		0		Wed 26 Sep 2018 11:19:56 AM UTC
eresp		0	0	0	0	0	0	0	1	0	0	1		0		Wed 26 Sep 2018 11:20:26 AM UTC
eresp		0	0	0	0	0	0	0	1	0	0	1		0		Wed 26 Sep 2018 11:20:56 AM UTC
eresp		0	0	0	0	0	0	0	1	0	0	1		0		Wed 26 Sep 2018 11:21:26 AM UTC
eresp		0	0	0	0	0	0	0	1	0	0	1		0		Wed 26 Sep 2018 11:21:56 AM UTC
eresp		0	0	0	0	0	0	0	1	0	0	1		0		Wed 26 Sep 2018 11:22:26 AM UTC
eresp		0	0	0	0	0	0	0	1	0	0	1		0		Wed 26 Sep 2018 11:22:57 AM UTC
eresp		0	0	0	0	0	0	0	1	0	0	1		0		Wed 26 Sep 2018 11:23:27 AM UTC
eresp		0	0	0	0	0	0	0	1	0	0	1		0		Wed 26 Sep 2018 11:23:57 AM UTC
eresp		0	0	0	0	0	0	0	1	0	0	1		0		Wed 26 Sep 2018 11:24:27 AM UTC
eresp		0	0	0	0	0	0	0	1	0	0	1		0		Wed 26 Sep 2018 11:24:57 AM UTC
eresp		0	0	0	0	0	0	0	1	0	0	1		0		Wed 26 Sep 2018 11:25:27 AM UTC
eresp		0	0	0	0	0	0	0	1	0	0	1		0		Wed 26 Sep 2018 11:25:58 AM UTC
eresp		0	0	0	0	0	0	0	1	0	0	1		0		Wed 26 Sep 2018 11:26:28 AM UTC
eresp		0	0	0	0	0	0	0	1	0	0	1		0		Wed 26 Sep 2018 11:26:58 AM UTC
eresp		0	0	0	0	0	0	0	1	0	0	1		0		Wed 26 Sep 2018 11:27:28 AM UTC
eresp		0	0	0	0	0	0	0	1	0	0	1		0		Wed 26 Sep 2018 11:27:58 AM UTC
eresp		0	0	0	0	0	0	0	1	0	0	1		0		Wed 26 Sep 2018 11:28:28 AM UTC
eresp		0	0	0	0	0	0	0	1	0	0	1		0		Wed 26 Sep 2018 11:28:58 AM UTC
eresp		0	0	0	0	0	0	0	1	0	0	1		0		Wed 26 Sep 2018 11:29:29 AM UTC
eresp		0	0	0	0	0	0	0	1	0	0	1		0		Wed 26 Sep 2018 11:29:59 AM UTC
eresp		0	0	0	0	0	0	0	1	0	0	1		0		Wed 26 Sep 2018 11:30:29 AM UTC
eresp		0	0	0	0	0	0	0	1	0	0	1		0		Wed 26 Sep 2018 11:30:59 AM UTC
eresp		0	0	0	0	0	0	0	1	0	0	1		0		Wed 26 Sep 2018 11:31:29 AM UTC
eresp		0	0	0	0	0	0	0	1	0	0	1		0		Wed 26 Sep 2018 11:31:59 AM UTC
eresp		0	0	0	0	0	0	0	1	0	0	1		0		Wed 26 Sep 2018 11:32:29 AM UTC
eresp		0	0	0	0	0	0	0	1	0	0	1		0		Wed 26 Sep 2018 11:33:00 AM UTC
eresp		0	0	0	0	0	0	0	1	0	0	1		0		Wed 26 Sep 2018 11:33:30 AM UTC
eresp		0	0	0	0	0	0	0	1	0	0	1		0		Wed 26 Sep 2018 11:34:00 AM UTC
eresp		0	0	0	0	0	0	0	1	0	0	1		0		Wed 26 Sep 2018 11:34:30 AM UTC
eresp		0	0	0	0	0	0	0	1	0	0	1		0		Wed 26 Sep 2018 11:35:00 AM UTC
eresp		0	0	0	0	0	0	0	1	0	0	1		0		Wed 26 Sep 2018 11:35:30 AM UTC
eresp		0	0	0	0	0	0	0	1	0	0	1		0		Wed 26 Sep 2018 11:36:01 AM UTC
eresp		0	0	0	0	0	0	0	1	0	0	1		0		Wed 26 Sep 2018 11:36:31 AM UTC
eresp		0	0	0	0	0	0	0	1	0	0	1		0		Wed 26 Sep 2018 11:37:01 AM UTC
eresp		0	0	0	0	0	0	0	1	0	0	1		0		Wed 26 Sep 2018 11:37:31 AM UTC
eresp		0	0	0	0	0	0	0	1	0	0	1		0		Wed 26 Sep 2018 11:38:01 AM UTC
eresp		0	0	0	0	0	0	0	1	0	0	1		0		Wed 26 Sep 2018 11:38:31 AM UTC
eresp		0	0	0	0	0	0	0	1	0	0	1		0		Wed 26 Sep 2018 11:39:01 AM UTC
eresp		0	0	0	0	0	0	0	1	0	0	1		0		Wed 26 Sep 2018 11:39:32 AM UTC
eresp		0	0	0	0	0	0	0	1	0	0	1		0		Wed 26 Sep 2018 11:40:02 AM UTC
eresp		0	0	0	0	0	0	0	1	0	0	1		0		Wed 26 Sep 2018 11:40:32 AM UTC
eresp		0	0	0	0	0	0	0	1	0	0	1		0		Wed 26 Sep 2018 11:41:02 AM UTC
eresp		0	0	0	0	0	0	0	1	0	0	1		0		Wed 26 Sep 2018 11:41:32 AM UTC
eresp		0	0	0	0	0	0	0	1	0	0	1		0		Wed 26 Sep 2018 11:42:02 AM UTC
eresp		0	0	0	0	0	0	0	1	0	0	1		0		Wed 26 Sep 2018 11:42:33 AM UTC
eresp		0	0	0	0	0	0	0	1	0	0	1		0		Wed 26 Sep 2018 11:43:03 AM UTC
eresp		0	0	0	0	0	0	0	1	0	0	1		0		Wed 26 Sep 2018 11:43:33 AM UTC
eresp		0	0	0	0	0	0	0	1	0	0	1		0		Wed 26 Sep 2018 11:44:03 AM UTC
eresp		0	0	0	0	0	0	0	1	0	0	1		0		Wed 26 Sep 2018 11:44:33 AM UTC
eresp		0	0	0	0	0	0	0	1	0	0	1		0		Wed 26 Sep 2018 11:45:03 AM UTC
eresp		0	0	0	0	0	0	0	1	0	0	1		0		Wed 26 Sep 2018 11:45:33 AM UTC
eresp		0	0	0	0	0	0	0	1	0	0	1		0		Wed 26 Sep 2018 11:46:04 AM UTC
eresp		0	0	0	0	0	0	0	1	0	0	1		0		Wed 26 Sep 2018 11:46:34 AM UTC
eresp		0	0	0	0	0	0	0	1	0	0	1		0		Wed 26 Sep 2018 11:47:04 AM UTC
eresp		0	0	0	0	0	0	0	1	0	0	1		0		Wed 26 Sep 2018 11:47:34 AM UTC
eresp		0	0	0	0	0	0	0	1	0	0	1		0		Wed 26 Sep 2018 11:48:04 AM UTC
eresp		0	0	0	0	0	0	0	1	0	0	1		0		Wed 26 Sep 2018 11:48:34 AM UTC
eresp		0	0	0	0	0	0	0	1	0	0	1		0		Wed 26 Sep 2018 11:49:04 AM UTC
eresp		0	0	0	0	0	0	0	1	0	0	1		0		Wed 26 Sep 2018 11:49:35 AM UTC
eresp		0	0	0	0	0	0	0	1	0	0	1		0		Wed 26 Sep 2018 11:50:05 AM UTC
eresp		0	0	0	0	0	0	0	1	0	0	1		0		Wed 26 Sep 2018 11:50:35 AM UTC
eresp		0	0	0	0	0	0	0	1	0	0	1		0		Wed 26 Sep 2018 11:51:05 AM UTC
eresp		0	0	0	0	0	0	0	1	0	0	1		0		Wed 26 Sep 2018 11:51:35 AM UTC
eresp		0	0	0	0	0	0	0	1	0	0	1		0		Wed 26 Sep 2018 11:52:05 AM UTC
eresp		0	0	0	0	0	0	0	1	0	0	1		0		Wed 26 Sep 2018 11:52:35 AM UTC
eresp		0	0	0	0	0	0	0	1	0	0	1		0		Wed 26 Sep 2018 11:53:06 AM UTC
eresp		0	0	0	0	0	0	0	1	0	0	1		0		Wed 26 Sep 2018 11:53:36 AM UTC
eresp		0	0	0	0	0	0	0	1	0	0	1		0		Wed 26 Sep 2018 11:54:06 AM UTC
eresp		0	0	0	0	0	0	0	1	0	0	1		0		Wed 26 Sep 2018 11:54:36 AM UTC
eresp		0	0	0	0	0	0	0	1	0	0	1		0		Wed 26 Sep 2018 11:55:06 AM UTC
eresp		0	0	0	0	0	0	0	1	0	0	1		0		Wed 26 Sep 2018 11:55:36 AM UTC
eresp		0	0	0	0	0	0	0	1	0	0	1		0		Wed 26 Sep 2018 11:56:06 AM UTC
eresp		0	0	0	0	0	0	0	1	0	0	1		0		Wed 26 Sep 2018 11:56:37 AM UTC
eresp		0	0	0	0	0	0	0	1	0	0	1		0		Wed 26 Sep 2018 11:57:07 AM UTC
eresp		0	0	0	0	0	0	0	1	0	0	1		0		Wed 26 Sep 2018 11:57:37 AM UTC
